" The customer doesn't exist in the system anymore","Zákazník se již v systému nevyskytuje"
" and "," a "
"(Absolute path or Relative to Magento install root, ex. var/export)","(Absolutní nebo realativní cesta k Magento kořenové instalaci, např. var/export)"
"(For US 2-letter state names)","(Pro USA 2-znakové jméno státu)"
"(If left empty will be auto-generated)","(Pokud ponecháte prázdné bude vygenerován automaticky)"
"(Leave empty for first spreadsheet)","(Ponechte prázdné pro první sešit)"
"(Products will be added/updated to this store if 'store' column is blank or missing in the import file.)","(Produkt bude přidán/upraven do tohoto obchodu, pokud je sloupec prázdný nebo chybí v importním souboru.)"
"(Shift-)Click or drag to change value","(Shift-) Klik nebo tažením změníte hodnotu"
"(Starting with)","(počínaje)"
"(When 'No', only mapped fields will be imported. When mapping, use 'column1', 'column2', etc.)","(Pokud 'Ne', budou importovány pouze přiřazená pole. Pokud přiřazujete pole použijte 'sloupec1', 'sloupec2', atd.)"
"(You have to increase php memory_limit before changing this value)","(Musíte zvednout php memory_limit než změníte tuto hodnotu)"
"(\t for tab)","(t pro tabelátor)"
"* - If indexing is in progress, it will be killed and new indexing process will start","* - když probíhá indexování, bude ukončeno a nové indexování se spustí"
"- Click on any of the time parts to increase it","- Kliknutím na některou z částí se její počet zvýší"
"- Hold mouse button on any of the above buttons for faster selection.","- Držte tlačítko myši nad některým z výše uvedených tlačítek pro rychlejší výběr."
"- Use the %s buttons to select month","- Použijte %s pro výběr měsíce"
"- Use the %s, %s buttons to select year","- Použijte %s, %s pro výběr roku"
"- or Shift-click to decrease it","- nebo Shift-klik pro snížení"
"- or click and drag for faster selection.","- nebo klik a tažení pro rychlé označení."
"-- Please Select --","-- Prosím vyberte --"
"-- Please select --","-- Prosím vyberte --"
"-- Please select a category --","-- Vyberte kategorii --"
"--Please Select--","-- Prosím vyberte --"
"Manage Items","Spravovat položky nastavení"
"Config manager","Spravovat položky nastavení"
"Add Item","Přidat položku"
"Add Banner","Přidat banner"
"Save Item","Uložit položku"
"Banner Information","Nastavení baneru"
"Item information","Nastavení baneru"
"Banner Image","Obrázek baneru"
"Target","Otevřít odkaz"
"Text Blend ?","Splynutí textu"
"Open in same window","Otevřít ve stejném okně"
"Open in new window","Otevřít v novém okně"
"Save Banner","Uložit baner"
"Enable Ship2Pay module","Povolit modul Ship2Pay"
"Ship to Pay","Kombinace: dodání-platby"
"Shipping method","Dodací metody"
"Payment method","Platební metody"
"Add combination","Přidat kombinaci"
"Add shipping and payment combinations.","Přidání vazby dodací a platební metody."
"Custom text","Volitelný text"
"Pay within X days","Zaplatit během X dnů"
"Bank name","Název banky"
"Account holder","Majitel účtu"
"Manage Products*","Spravovat produkty"
"Manage Products (Enhanced)","Spravovat produkty"
"Enhanced Product Grid","Rozšířený výpis produktů"
"About This Extension","Informace o modulu"
"Column Options","Nastavení zobrazení sloupců"
"Show Columns","Zobrazovat sloupce"
"Truncate Long Texts After X Characters ","Zkrátit texty delší než X znaků"
"In-Grid Image Options","Nastavení obrázku ve výpisu produktů"
"Show Image Url","Zobrazovat URL obrázku"
"Show Image By Default","Standartně zobrazovat obrázek"
"Image Width","Šířka obrázku"
"Image Height","Výška obrázku"
"Default Grid State","Výchozí stav výpisu produktů"
"Sort Column Direction","Řadit v pořadí"
"Sort Column","Řadit dle sloupce"
"Initial Page Number","Úvodní číslo stránky"
"(When product image is hidden for that row)","(Pokud je obrázek skrytý)"
"If your grid has a large page size by default this could get slow.","Pokud máte hodně rozsáhlý výpis produktů, tato možnost zpomalí výpis"
"The selected column must be also selected above if it's not already there","Zvolený sloupec musí být zahrnutý ve výpisu"
"Descending","Sestupně"
"Ascending","vzestupně"
"Page Size","Velikost stránky"
"1 Hour","1 hodina"
"12 Hours","12 hodin"
"12h AM/PM","12h"
"2 Hours","2 hodiny"
"24 Hours","24 hodin"
"24h","24h"
"2YTD","Déle než rok"
"Current Month","Tento měsíc"
"Last 7 Days","Posledních 7 dní"
"Last 24 Hours","Posledních 24 hodin"
"6 Hours","6 hodin"
"New App","Nová aplikace"
"Add App","Přidat aplikaci"
"Device Information","Popis mobilního zařízení"
"Device Type","Typ zařízení"
"Manage Mobile App","Spravovat mobilní aplikace"
"Please Select Device Type","Zvolte prosím typ zařízení"
"Number of results<br/>(For the last time placed)","Počet výsledků<br/> (Při posledním hledání)"
"Add New URL Rewrite","Přidat nový přepis URL"
"Edit URL Rewrite","Editovat přepis URL"
"URL Rewrite Information","Informace o URL přepisu"
"New Root Category","Nová hlavní kategorie"
"New Subcategory","Nová subkategorie"
"Products with recurring profile participate in catalog as nominal items.","Produkty s opakujícími se profily jsou obsaženy v katologu jako nominální položky."
"Upload Files","Nahrát soubory"
"Browse Files...","Procházet..."
"Send Email","Odeslat email"
"Notify Customer by Email","Upozornit zákazníka mailem"
"Visible on Frontend","Viditelné na eshopu"
"(the order confirmation email was sent)","(email potvrzující obejdnávku byl odeslán)"
"<h1 class=""page-heading"">404 Error</h1><p>Page not found.</p>","<h1 class=""page-heading"">404 Error</h1><p>Stránka nenalezena.</p>"
"<h1 class=""page-heading"">Access denied</h1><p>Access denied.</p>","<h1 class=""page-heading"">Přístup zamítnut</h1><p>Přístup zamítnut.</p>"
"A new password was sent to your email address. Please check your email and click Back to Login.","Nové heslo bylo odesláno na Vaší emailovou adresu. Prosím zkontrolujte svůj email a klikněte zpět na přihlášení."
"API Stability","Stabilita API"
"API Version","Verze API"
"API:","API:"
"About the calendar","O kalendáři"
"Access Denied.","Přístup zamítnut."
"Access Deny","Zamítnout přístup"
"Account Created in:","Účet vytvořen v:"
"Account Created on (%s):","Účet vytvořen v (%s):"
"Account Created on:","Účet vytvořen v:"
"Account Information","Informace o účtu"
"Account status","Stav účtu"
"Account successfully saved","Účet byl úspěšně uložen"
"Action","Událost"
"Actions","Události"
"Actions XML","Události XML"
"Active","Aktivní"
"Add","Přidat"
"Add Contents Path","Přidat obsah Cesta"
"Add Exception","Přidat výjimku"
"Add Field Mapping","Přidejte pole mapování"
"Add Field with URL:","Přidat pole s URL:"
"Add Maintainer","Přidat správce"
"Add New Image","Přidat nový obrázek"
"Add New Profile","Přidat nový profil"
"Add New Role","Přidat novou roli"
"Add New Template","Přidat novou šablonu"
"Add New Urlrewrite","Přidat nový přepis url"
"Add New User","Přidat nového uživatele"
"Add New osCommerce Profile","Přidat nový osCommerce profil"
"Add PHP Extension dependency","Přidat závislosti PHP rozšíření"
"Add Package dependency","Přidat závislosti balíčků"
"Add Subpackage dependency","Přidat závislosti částí"
"Add Urlrewrite","Přidat url alias"
"Add Urlrewrite for a Category","Přidat url alias pro kategorii"
"Add Urlrewrite for a Product","Přidat url alias pro produkt"
"Add after","Přidat za"
"Add new Role","Přidat novou roli"
"Add new store view map","Add new store view map"
"Add new website map","Přidat novou mapu stránek"
"Address Type:","Typ adresy:"
"Admin","Admin"
"Advanced Admin Section","Pokročilé nastavení administrace"
"Advanced Profiles","Rozšířený profil"
"Advanced Section","Rozšířené"
"Aggregate Order","Objednávka"
"All","Vše"
"All Allowed Countries","Všechny dovolené země"
"All Countries","Všechny země"
"All Cache","Všechnu cache"
"All Files","Všechny soubory"
"All Store Views","Pohled na všechny obchody"
"All Tags","Všechny štítky"
"All Websites","Všechny weby"
"All countries","Všechny země"
"All fields","Všechny pole"
"All possible rates were fetched, click on ""Save"" to apply","Všechny možné sazby byly vykonané, kliknutím na ""Uložit"" se aplikují"
"All rates were fetched, click on ""Save"" to apply","Všechny sazby byly vykonané, klikněte na ""Uložit"" pro použití"
"All valid rates successfully saved","Všechny platné sazby úspěšně uloženy"
"Amounts","Množství"
"Any","Vše"
"Any Attribute Set","Libovolná množina atributů"
"Any Group","Libovolná skupina"
"Any Status","Libovolný stav"
"Any Store","Libovolný obchod"
"Any Type","Libovolný typ"
"Any Visibility","Libovolná viditelnost"
"Api Key","Klíč API"
"Api Key Confirmation","Potvrzení klíče API"
"Archive file name:","Jméno zálohy:"
"Are you sure that you want to delete this template?","Jste si jisti, že chcete smazat tuto šablonu?"
"Are you sure that you want to strip tags?","Jste si jisti, že chcete odstranit štítky?"
"Are you sure you want to do this?","Jste si jisti, že to chcete udělat?"
"Are you sure you wish to INSTALL all selected packages?","Jste si jisti, že chcete instalovat všechny označené balíčky?"
"Are you sure you wish to UNINSTALL all selected packages?","Jste si jisti, že chcete odinstalovat všechny označené balíčky?"
"Are you sure you wish to UPGRADE all selected packages?","Jste si jisti, že chcete aktualizovat všechny označené balíčky?"
"Area","Pole"
"Assigned","Přiřazený"
"Attribute Set Name:","Název množiny vlastností:"
"Attribute set successfully saved.","Množina vlastností úspěšně uložena."
"Attribute set was successfully removed.","Množina vlastností byla úspěšně odebrána."
"Attributes","Vlastnosti"
"Available Products","Dostupné produkty"
"Available Version","Dostupná verze"
"Average Order Amount","Průměrná hodnota objednávky"
"Average Orders","Průměrná hodnota objednávky"
"Back","Zpět"
"Back to Login","Zpět na přihlášení"
"Back to local packages","Zpět na lokální balíčky"
"Backup","Záloha"
"Backup record was deleted","Záloha záznamu byla smazána"
"Backup successfully created","Záloha úspěšně vytvořena"
"Backups","Zálohy"
"Base currency","Základní měna"
"Bcc","Kopie"
"Bestsellers","Nejprodávanější"
"Big Image","Velký obrázek"
"Billing Address","Fakturační adresa"
"Billing address","Fakturační adresa"
"Block Information","Informace o bloku"
"Both (without and with tax)","Obě (s a bez daní)"
"Browse Available Extensions","Procházet dostupné rozšíření"
"Browse Available Remote Extensions","Procházet dostupné vzdálené rozšíření"
"Browse Files...","Procházet soubory..."
"Bundle Items","Položky balení"
"Bundle with dynamic pricing cannot include custom defined options. Options will not be saved.","Balení s dynamickou cenou nesmí obsahovat vlastní definované možnosti. Nastavení nebylo uloženo."
"CRITICAL","KRITICKÁ"
"CSV","CSV"
"CSV / Tab separated","CSV / Oddělená tabulka"
"Cache Control","Nastavení Cache"
"Cache Control (beta)","Ovládání cache (beta)"
"Cache Management","Správa Cache"
"Can not add new comment.","Nelze přidat nový komentář."
"Can not add tracking number.","Nelze přidat sledovací číslo."
"Can not delete tracking number.","Nelze smazat sledovací číslo."
"Can not do credit memo for order","Nelze vytvořit dobropis pro objednávku"
"Can not do invoice for order","Nelze vytvořit fakturu k objednávce"
"Can not do shipment for order.","Nelze vyrobit dodací list pro objednávku."
"Can not initialize shipment for adding tracking number.","Nelze inicializovat zásilku pro zadané sledovací číslo."
"Can not initialize shipment for delete tracking number.","Nelze inicializovat doručení pro smazání sledovacího čísla."
"Can not load track with retrieving identifier.","Nelze načíst zakázku se zadaným identifikátorem."
"Can not retrieve tracking number detail.","Nelze získat podrobnosti k sledování zakázky."
"Can not save credit memo","Dobropis nelze uložit"
"Can not save invoice","Nelze uložit fakturu"
"Can not save shipment.","Nelze vyrobit zásilku."
"Can not send shipment information.","Nelze zaslat informace o zásilce."
"Can not update item qty","Nelze upravit množství položky"
"Can't delete design change","Nelze smazat změny v zobrazení"
"Can't find email address.","Nelze najít emailovou adresu."
"Cancel","Zrušit"
"Card Verification Number","Ověřovací číslo karty (CCV)"
"Catalog","Katalog"
"Catalog Rewrites","Přepis katalogových url"
"Catalog Rewrites was refreshed successfully","Přepis katalogu byl úspěšně obnoven"
"Catalog Rewrites were refreshed successfully","Přepis katalogu byl úspěšně obnoven"
"CatalogInventory Stock Status rebuild error. Please try again later","Chyba při obnovování stavu zboží na skladě. Prosím zkuste to později"
"CatalogInventory Stock Status was rebuilt successfully","Obnovení stavu zboží na skladě proběhlo úspěšně"
"Category","Kategorie"
"Category:","Kategorie:"
"Changelog","Seznam změn"
"Channel","Kanál"
"Channel:","Kanál:"
"Checkbox","zaškrtávací políčko"
"Choose Store View","Vyberte pohled na obchod"
"Choose an attribute","Vyberte vlastnost"
"Clear","Vymazat"
"Close","Zavřít"
"Comment text field can not be empty.","Pole komentáře nesmí být prázdné."
"Comments History","Historie komentářů"
"Complete","Hotovo"
"Configuration","Nastavení"
"Configuration successfully saved","Nastavení úspěšně uloženo"
"Confirmed email:","Potvrzující email:"
"Conflicts","Konflikty"
"Connect with the Magento Community","Spojení s komunitou Magento"
"Contents","Obsah"
"Convert to Plain Text","Převést na prostý text"
"Cookie (Unsafe)","Cookie (nebezpečné)"
"Country","Země"
"Country:","Země:"
"Coupon Code","Kód kupónu"
"Coupons","Kupóny"
"Create","Vytvořit"
"Create DB Backup","Vytvořit zálohu DB"
"Create Extension Package","Vytvořit rozšiřující balíček"
"Create New Attribute","Vytvořit nový atribut"
"Create New Staging Store View","Vytvořit nový pohled na testovací obchod"
"Create Urlrewrite:","Vytvořit url alias:"
"Create a backup","Vytvořit zálohu"
"Created <strong>%s</strong> items","Vytvořeno položek: <strong>%s</strong>"
"Created At","Vytvořeno v"
"Credit Card Number","Číslo platební karty"
"Credit Card Number: xxxx-%s","Číslo platební karty: xxxx-%s"
"Credit Card Type","Typ platební karty"
"Credit Card Type: %s","Typ platební karty: %s"
"Credit Memo #%s comment added","Dobropis %s komentář přidán"
"Credit Memo #%s created","Dobropis #%s vytvořen"
"Credit Memo History","Historie dobropisu"
"Credit Memo Totals","Dobropisy celkem"
"Credit Memo cancel error.","Chyba při rušení dobropisu."
"Credit Memo total must be positive.","Dobropis musí být kladný."
"Credit Memo void error","Chyba, prázdný dobropis"
"Credit Memo was successfully canceled.","Dobropis byl úspěšně zrušen."
"Credit Memo was successfully created","Dobropis byl úspěšně vytvořen"
"Credit Memo was successfully voided","Dobropis byl úspěšně vynulován"
"Currency","Měna"
"Currency Information","Informace o měně"
"Currency Setup Section","Nastavení měny"
"Current Configuration Scope:","Aktuální rozsah nastavení:"
"Current Release Information","Aktuální informace o vydání"
"Custom","Uživatelský"
"Customer","Zákazník"
"Customer Group:","Skupina zákazníků:"
"Customer Name","Jméno zákazníka"
"Customer Since:","Zákazníkem od:"
"Customer was deleted","Zákazník byl smazán"
"Customer was successfully saved","Zákazník byl úspěšně uložen"
"Customer with the same email already exists.","Zákazník s tímto emailem již existuje."
"Customers","Zákazníci"
"DHTML Date/Time Selector","DHTML výběr datum/čas"
"Dashboard","Nástěnka"
"Data Format","Formát dat"
"Data transfer:","Přenos dat:"
"Date","Datum"
"Date & Time","Datum a Čas"
"Date Added","Přidáno datum"
"Date Updated","Datum upraveno"
"Date selection:","Smazat výběr:"
"Date selector","Výběr data"
"Date:","Datum:"
"Day","Den"
"Decimal separator:","Oddělovač desetin:"
"Default (Admin) Values","Výchozí (Admin) hodnota"
"Default Config","Výchozí nastavení"
"Default Template from Locale","Výchozí šablona z překladu"
"Default Values","Výchozí hodnota"
"Default display currency ""%s"" is not available in allowed currencies","Výchozí zobrazovaná měna ""%s"" není mezi povolenými měnami"
"Default scope","Výchozí rozsah"
"Delete","Smazat"
"Delete %s","Smazat %s"
"Delete %s '%s'","Smazat %s '%s'"
"Delete Profile","Smazat profil"
"Delete Role","Smazat roli"
"Delete Store View","Smazat pohled na obchod"
"Delete Template","Smazat šablonu"
"Delete User","Smazat uživatele"
"Delete Website","Smazat webové stránky"
"Dependencies","Závislosti"
"Description","Popis"
"Description:","Popis:"
"Design","Vzhled"
"Design Section","Vzhled"
"Design change deleted","Změna vzhledu smazána"
"Design change saved","Změna vzhledu uložena"
"Developer Section","Vývoj"
"Direction:","Směr:"
"Disable","Zakázat"
"Disabled","Neaktivní"
"Discount Amount","Množstevní sleva"
"Display %s first","Zobrazit prvních %s"
"Display default currency","Zobrazit výchozí měnu"
"Distributed under GNU LGPL. See %s for details.","Distribuováno pod GNU LGPL. Pro detaily se podívejte na %s."
"Do you really want to KILL parallel process and start new indexing process?","Opravdu chcete přerušit paralelní proces a spustit nové indexování?"
"Done By:","Hotovo od:"
"Done by:","Hotovo od:"
"Download Remote File","Stáhnout vzdálený soubor"
"Download and Install","Stáhnout a instalovat"
"Downloading and installing $pkg, please wait...","Stahuji a instaluji $pkg, prosím čekejte"
"Drag to move","Uchopit pro přesun"
"Drop-down","rozbalovací seznam"
"Edit","Upravit"
"Edit Email Template","Upravit šablonu emailu"
"Edit Poll","Upravit anketu"
"Edit Role","Upravit roli"
"Edit Store View","Upravit pohled na obchod"
"Edit System Template","Upravit systémovou šablonu"
"Edit Tag","Upravit štítek"
"Edit Template","Upravit šablonu"
"Edit Urlrewrite","Upravit url alias"
"Edit User","Upravit uživatele"
"Edit User '%s'","Upravit uživatele '%s'"
"Edit Website","Upravit webové stránky"
"Email","E-mail"
"Email Address:","Emailová adresa:"
"Email Preview","Náhled emailu"
"Email address is empty.","Emailová adresa je prázdná."
"Email to a Friend","Poslat známému"
"Email:","Email:"
"Enable","Povolený"
"Enabled","Aktivní"
"Enclose Values In:","Hodnoty uzavřeny v:"
"Entity Type","Typ entity"
"Entity type:","Typ entity:"
"Error uploading the file","Chyba při nahrávání souboru"
"Error while cleared Image cache. Please try again later","Chyba při mazání vyrovnávací paměti (cache) obrázků. Prosím zkuste to později."
"Error while create backup. Please try again later","Chyba při vytváření zálohy. Prosím zkuste to později."
"Error while deleting this role. Please try again later.","Chyba při mazání této role. Prosím zkuste to později."
"Error while deleting this set.","Chyba při mazání této množiny."
"Error while finished process. Please refresh cache","Chyba při dokončování procesu. Prosím obnovte cache."
"Error while refreshed Catalog Rewrites. Please try again later","Chyba při obnovování katalogových url. Prosím zkuste to později."
"Error while refreshed Layered Navigation Indices. Please try again later","Chyba při obnovování rejstříku navigace. Prosím zkuste to později."
"Error while saving account. Please check all required fields","Chyba při ukládání účtu. Prosím zkontrolujte všechny požadované položky"
"Error while saving account. Please try again later","Chyba při ukládání účtu. Prosím zkuste to později."
"Error while saving this configuration: ","Chyba při ukládání tohoto nastavení: "
"Error while saving this role. Please try again later.","Chyba při ukládání této role. Prosím zkuste to později."
"Error while updating selected review(s). Please try again later.","Chyba při aktualizování vybraných recenzí. Prosím zkuste to později."
"Excl. Tax","Bez daně"
"Exclude","Vyřadit"
"Exclude (comma separated)","Vyřadit (oddělené čárkou)"
"Expiration Date","Datum platnosti"
"Expiration Date: %s/%s","Datum expirace: %s/%s"
"Export","Export"
"Export CSV","Export CSV"
"Export Filters","Filtry exportu"
"Export to:","Export do:"
"Export:","Export:"
"Extension","Rozšíření"
"Extension Name","Jméno rozšíření"
"Extensions","Rozšíření"
"FTP Host[:Port]","Server FTP [:Port]"
"Failed to add a product to cart by id ""%s""","Chyba při přidávání produktu do košíku s id ""%s"""
"Failed to load %1$s.xml or %1$s.ser","Chyba při načítání %1$s.xml nebo %1$s.ser"
"Field","Pole"
"Field Mapping","Přiřazení pole"
"File","Soubor"
"File Information","Informace o souboru"
"File name:","Jméno souboru:"
"File size should be more than 0 bytes","Velikost souboru musí být větší než 0 bytů."
"Final Price","Konečná cena"
"Finished items creation.","Položky byly vytvořeny."
"Finished profile execution.","Profil dokončen."
"First Name","Jméno"
"First Name:","Jméno:"
"Firstname","Jméno"
"Fixed","Pevné"
"Flat Catalog Category rebuild error","Chyba při přegenerovávání Flat katalogu kategorií"
"Flat Catalog Category was rebuilt successfully","Flat katalog kategorií byl úspěšně přegenerován"
"Flat Catalog Product rebuild error. Please try again later","Chyba při přegenerovávání Flat katalogu produktů. Prosím zkuste to později"
"Flat Catalog Product was rebuilt successfully","Flat katalog produktů byl úspěšně přegenerován"
"For category","Pro kategorie"
"For latest version visit: %s","Pro poslední verzi navštivte: %s"
"For product","Pro produkt"
"Forgot your password?","Zapomněli jste heslo?"
"Forgot your user name or password?","Zapomněli jste uživatelské jméno nebo heslo?"
"From","Od"
"Gb","Gb"
"General Information","Všeobecné informace"
"General Section","Všeobecné informace"
"Get Image Base64","Obrázek v Base64"
"Get help for this page","Získat nápovědu pro tuto stránku"
"Global Attribute","Globální vlastnosti"
"Global Record Search","Globální hledání záznamu"
"Global Search","Globální hledání"
"Go Today","Přejít na dnešek"
"Google Base","Google Base"
"Google Base Items","Položky Google Base"
"Grand Total","Celkový součet"
"Grid (default) / List","Tabulka (výchozí) / Seznam"
"Grid only","Jenom tabulka"
"Group:","Skupina:"
"Guest","Návštěvník"
"HTTP (unsecure)","HTTP (nezabezpečené)"
"HTTPS (SSL)","HTTPS (SSL)"
"Help Us Keep Magento Healthy - Report All Bugs","Pomozte nám udržovat Magento aktuální - Hlaste všechny chyby."
"Home","Domů"
"ID","ID"
"ID Path","ID cesta"
"IP Address","IP adresa"
"Ignore","Ignorovat"
"Image cache was cleared successfully","Cache obrázků byla úspěšně smazána"
"Images","Obrázky"
"Images (.gif, .jpg, .png)","Obrázky (.gif, .jpg, .png)"
"Images Cache","Cache obrázků"
"Import","Import"
"Import Service","Služba import"
"Import/Export","Import/Export"
"Import/Export Advanced","Rozšířený Import/Export"
"Import/Export Profile","Import/Export Profily"
"Imported <strong>%s</strong> records","Importováno <strong>%s</strong> záznamů"
"In","V"
"In Database:","V databázi:"
"In File:","V souboru:"
"Inactive","Neaktivní"
"Incl. Tax","S daní"
"Include","Obsahuje"
"Incoming Message","Příchozí zpráva"
"Individual Item","Individuální položka"
"Install","Instalovat"
"Install Package File","Instalovat balíček"
"Installed As","Instalovat jako"
"Installed Extension Info","Informace o instalovaném rozšíření"
"Installed Version","Instalovaná verze"
"Installing $pkg, please wait...","Instaluji $pkg, prosím čekejte..."
"Installing selected packages, please wait...","Instaluji vybrané balíčky, prosím čekejte..."
"Instant Payment Notification (IPN)","Okamžitá notifikace platby (IPN)"
"Interactive","Interaktivní"
"Interface Locale: %s","Rozhraní v jazyce: %s"
"Invalid Form Key. Please refresh the page.","Chybný klíč formuláře. Prosím obnovte stránku."
"Invalid Import Service Specified","Chybně vybraná importní služba"
"Invalid POST data (please check post_max_size and upload_max_filesize settings in you php.ini file)","Neplatná POSR data (prosím zkontrolujte post_max_size a upload_max_filesize nastavení ve Vašem php.ini)"
"Invalid Secret Key. Please refresh the page.","Chybný tajný klíč. Prosím obnovte stránku."
"Invalid URL","Chybné URL"
"Invalid Username or Password.","Chybné uživatelské jméno nebo heslo."
"Invalid directory: %s","Chybný adresář: %s"
"Invalid file: %s","Chybný soubor: %s"
"Invalid input data for %s => %s rate","Chybná vstupní data pro %s => %s sazbu"
"Invalid input:","Chybný vstup:"
"Invalid parrent block for this block","Chybný rodičovský blok pro tento blok"
"Invalid section value","Chybná část hodnoty"
"Invalid store value","Chybně uložená hodnota"
"Invalid website value","Chybně uložený web"
"Inventory Stock Status","Stav skladu"
"Invoice #%s comment added","Komentář k faktuře %s přidán"
"Invoice #%s created","Faktura #%s vytvořena"
"Invoice History","Historie faktur"
"Invoice Totals","Faktury celkem"
"Invoice and shipment was successfully created.","Faktura a zásilka byla úspěšně vytvořena."
"Invoice cancel error.","Chyba při rušení faktury."
"Invoice capture error","Chyba při zachytávání faktury"
"Invoice void error","Chyba platby faktury"
"Invoice was successfully canceled.","Faktura byla úspěšně zrušena."
"Invoice was successfully captured","Faktura byla úspěšně zachycena"
"Invoice was successfully created.","Faktura byla úspěšně vytvořena."
"Invoice was successfully voided","Faktura byla úspěšně zrušena"
"Issue Number","Problém číslo"
"Issuer: %s","Vydavatel: %s"
"Items","Položky"
"Items to merge","Položky k sloučení"
"Kb","Kb"
"Last 24 hours","Posledních 24 hodin"
"Last 5 Orders","Posledních 5 objednávek"
"Last 5 Search Terms","Posledních 5 vyhledávaných výrazů"
"Last 7 days","Posledních sedm dní"
"Last Logged In (%s):","Naposledy přihlášen (%s):"
"Last Logged In:","Naposledy přihlášen:"
"Last Month","Poslední měsíc"
"Last Name","Příjmení"
"Last Name:","Příjmení"
"Lastname","Příjmení"
"Latest Message:","Poslední zpráva:"
"Layered Navigation Indices","Indexy vrstvy navigace"
"Layered Navigation Indices was refreshed successfully","Obnova vrstvy navigace proběhla v pořádku"
"Layered Navigation Indices were refreshed successfully","Obnova vrstvy navigace proběhla v pořádku"
"Layered Navigation indexing queue cancelled","Indexování vrstvy navigace bylo zrušeno"
"Layered Navigation indexing queued","Indexování vrstvy navigace je ve frontě"
"Layered Navigation process queued to be killed","Fronta vrstvy navigace byla zabita"
"Leave empty to use tax identifier","Ponechte prázdné pro použití DIČ"
"Level","Úroveň"
"License","Licence"
"License URI","Licence URI"
"License:","Licence:"
"Lifetime Sales","Tržba celkem"
"The product attribute has been saved.","Vlastnost produktu byla uložena."
"Links","Odkazy"
"List (default) / Grid","Seznam (výchozí) / Tabulka"
"List only","Jenom seznam"
"Load Template","Nahrát šablonu"
"Load default template","Nahrát výchozí šablonu"
"Load local Package","Nahrát lokální balíky"
"Loading...","Nahrávám..."
"Local Server","Lokální server"
"Local/Remote Server","Lokální / vzdálený server"
"Locale","Místo a jazyk"
"Log Out","Odhlásit"
"Log in to Admin Panel","Přihlásit se do administračního panelu"
"Log into Magento Admin Page","Přihlásit se do administračního rozhraní"
"Logged in as %s","Přihlášen jako %s"
"Login","Přihlášení"
"MAJOR","VYSOKÁ"
"MINOR","NÍZKÁ"
"MS Excel XML","MS Excel XML"
"Magento Admin","Magento Admin"
"Magento Commerce - Administrative Panel","Magento Commerce - Administrační rozhraní"
"Magento Connect","Magento Connect"
"Magento Connect Manager","Magento Connect Manažer"
"Magento Logo","Magento Logo"
"Magento is a trademark of Irubin Consulting Inc. DBA Varien. Copyright &copy; %s Irubin Consulting Inc.","Magento je obchodní známkou Irubin Consulting Inc. DBA Varien. <br/>Copyright &copy; %s Irubin Consulting Inc."
"Magento ver. %s","Magento ver. %s"
"Magento&trade; is a trademark of Irubin Consulting Inc. DBA Varien.<br/>Copyright &copy; %s Irubin Consulting Inc.","Magento je ochranou známkou Irubin Consulting Inc. DBA Varien.<br/>Copyright &copy; %s Irubin Consulting Inc."
"Maintainers","Správci"
"Manage Currency Rates","Spravovat měnové kurzy"
"Manage Customers","Správa zákazníků"
"Manage Installed Extensions","Spravovat instalované rozšíření"
"Manage Ratings","Spravovat hodnocení"
"Manage Stores","Spravovat obchody"
"Manage osCommerce Orders","Spravovat objednávky osCommerce"
"Manage osCommerce Profiles","Spravovat profily osCommerce"
"Mapping Configuration","Nastavení přiřazení (mapování)"
"Matched expression","Odpovídající výrazu"
"Max","Max"
"Maximum","Maximum"
"Mb","Mb"
"Media (.avi, .flv, .swf)","Média (.avi, .flv, .swf)"
"Merge Now","Sloučit nyní"
"Messages Inbox","Přijaté zprávy"
"Min","Min"
"Minimum","Minimum"
"Module version conflict!","Konflikt verzí modulů!"
"Month","Měsíc"
"Most Viewed Products","Nejprohlíženější produkty"
"Multiple Select","Vícenásobný výběr (označení)"
"My Account","Můj účet"
"N/A","nedefinováno"
"NOTICE","UPOZORNĚNÍ"
"Name","Jméno"
"Name on Card","Jméno na kartě"
"Name on the Card: %s","Jméno na kartě: %s"
"Name:","Jméno:"
"New Accounts","Nové účty"
"New Api Key","Nový klíč API"
"New Customers","Noví zákazníci"
"New Email Template","Nová šablona emailu"
"New Extension","Nové rozšíření"
"New Item Type","Nový typ položky"
"New Password","Nové heslo"
"New Profile","Nový profil"
"New Store View","Nový pohled obchodu"
"New System Template","Nová systémová šablona"
"New Tag","Nový štítek"
"New Template","Nová šablona"
"New User","Nový uživatel"
"New Website","Nové webové stránky"
"New admin password","Nové heslo administrátora"
"Next month (hold for menu)","Příští měsíc (podržte pro menu)"
"Next page","Další"
"Next year (hold for menu)","Příští rok (podržte pro menu)"
"No","Ne"
"No (price without tax)","Ne (cena bez daní)"
"No Data Found","Nenalezena data"
"No Extensions Found","Nenalezeno rozšíření"
"No Templates Found","Nenalezeny šablony"
"No change","Žádné změny"
"No profile","Žádný profil"
"No profile loaded...","Profil nenačten."
"No records found for this period.","Nenalezen záznam pro toto časové období."
"No records found.","Nenalezen záznam."
"No search keywords.","Nenalezeno klíčové slovo."
"No search modules registered","Modul vyhledávání není registrován."
"None","Žádné"
"Note:","Poznámka:"
"Notes","Poznámky"
"Notes:","Poznámky:"
"Number of Orders","Počet objednávek"
"Number of Use","Počet použití"
"Number of Uses","Počet uživatelů"
"Number of records:","Počet záznamů:"
"Old rate:","Stará sazba:"
"One of options row has error","Jeden ze řádků možností obsahuje chybu"
"Only attributes with scope ""Global"", input type ""Dropdown"" and Use To Create Configurable Product ""Yes"" are available.","Pouze atributy s možností ""Global"", vstupním typem ""Rozbalovací nabídka"" a použitelné pro konfigurovatelný produkt ""Ano"" jsou dostupné."
"Only mapped fields","Pouze přiřazená pole"
"Optional","Volitelný"
"Options","Možnosti"
"Order #%s","Objednávka %s"
"Order #%s (%s)","Objednávka č:%s (%s)"
"Order Totals","Objednávka celkem"
"Order confirmation email not sent","Potvrzující mail objednávky nebyl odeslán"
"Order confirmation email sent","Potvrzující email objednávky odeslán"
"Order not longer exist","Objednávka již neexistuje"
"Order not longer exist.","Objednávka již neexistuje."
"Orders","Objednávky"
"Original Magento attribute names in first row:","Původní jména Magento vlastností v prvním řádku:"
"PEAR Configuration was successfully saved","Nastavení PEARu úspěšně uloženo"
"PEAR Console","Konzole PEAR"
"PEAR config","Nastavení PEAR"
"PHP Version","Verze PHP"
"Package","Balík"
"Package %s data was successfully loaded","Balíček %s úspěšně nahrán"
"Package Extensions","Rozšíření balíčků"
"Package File Name","Jméno balíku"
"Package Info","Info o balíčku"
"Package Information","Informace o balíčku"
"Packages","Balíčky"
"Page","Stránka"
"Parent Product Thumbnail","Náhled nadřazeného produktu"
"Passive mode","Pasivní mód"
"Password","Heslo"
"Password Confirmation","Potvrzení hesla"
"Password:","Heslo:"
"Path","Cesta"
"Path:","Cesta:"
"PayPal Email","PayPal Email"
"Payment Data Transfer (PDT)","Přenos platebních dat (PDT)"
"Payment method must be specified","Musí být vybrána metoda placení"
"Pending Tags","Čekající štítky"
"Pending installation...","Čekající instalace..."
"Per Item","Na položku"
"Per Order","Na objednávku"
"Percent","Procent"
"Performed At","Provedeno v"
"Period","Období"
"Permanent (301)","Trvalé (301)"
"Permissions","Oprávnění"
"Personal Information","Osobní informace"
"Phone:","Telefon:"
"Please confirm site switching. All data that hasn't been saved will be lost.","Potvrďte změnu stránek. Všechna neuložená data budou ztracena."
"Please enter 6 or more characters.","Zadejte prosím 6 nebo více znaků."
"Please enter a number greater than 0 in this field.","Do tohoto pole prosím vložte číslo větší než 0."
"Please enter a valid $ amount. For example $100.00.","Vložte prosím platný obnos $. Například $100,00."
"Please enter a valid URL. For example http://www.example.com or www.example.com","Vložte prosím platnou URL. Například http://www.example.com nebo www.example.com"
"Please enter a valid URL. http:// is required","Vložte prosím platnou URL. http:// je povinné."
"Please enter a valid credit card number.","Vložte prosím platné číslo kreditní karty."
"Please enter a valid date.","Vložte prosím platné datum."
"Please enter a valid email address. For example johndoe@domain.com.","Vložte prosím platnou emailovou adresu. Například johndoe@domain.com."
"Please enter a valid number in this field.","Zadejte prosím do tohoto pole platné číslo."
"Please enter a valid phone number. For example (123) 456-7890 or 123-456-7890.","Vložte prosím platné telefonní číslo. Například (123) 456-7890 nebo 123-456-7890."
"Please enter a valid social security number. For example 123-45-6789.","Vložte prosím platné číslo sociálního pojištění. Například 123-45-6789."
"Please enter a valid value from list","Vložte prosím platnou hodnotu ze seznamu"
"Please enter a valid value, ex: 10,20,30","Vložte prosím platnou hodnotu. Například: 10, 20, 30"
"Please enter a valid zip code.","Zadejte prosím platné PSČ."
"Please enter a valid zip code. For example 90602 or 90602-1234.","Zadejte prosím platné PSČ. Například 10000."
"Please enter valid password.","Vložte prosím platné heslo."
"Please fill in 'email' field.","Vyplňte pole email."
"Please make sure that all global admin search modules are installed and activated.","Ujistěte se, že globální administrátorský vyhledávací modul je instalován a aktivován."
"Please make sure that your changes were saved before running the profile.","Ujistěte se, že jsou Vaše změny uloženy před spuštěním profilu."
"Please make sure your passwords match.","Ujistěte se prosím, že hesla souhlasí."
"Please select State/Province.","Vyberte prosím stát/provincii."
"Please select a custmer","Vyberte zákazníka"
"Please select a store","Vyberte obchod"
"Please select an option.","Vyberte prosím možnost."
"Please select catalog searches","Vyberte vyhledávání v katalogu"
"Please select customer(s)","Vyberte zákazníky"
"Please select one of the above options.","Vyberte prosím jednu z uvedených možností"
"Please select one of the options.","Vyberte prosím jednu z možností."
"Please select review(s)","Vyberte recenze"
"Please select tag(s)","Vyberte štítky"
"Please specify admin custom URL","Zadejte vlastní URL administrátorského rozhraní"
"Please specify at least start or end date.","Prosím vyberte počáteční nebo koncové datum."
"Please use in this field only ""a-z,0-9,_"".","Lze použít pouze ""a-z, 0-9, _"" "
"Please use letters only (a-z) in this field.","V tomto poli prosím použijte pouze písmena (a-z)."
"Please use numbers only in this field. please avoid spaces or other characters such as dots or commas.","V tomto poli prosím použijte pouze číslice. Vyhněte se mezerám a ostatním znakům, jako tečky a čárky."
"Please use only letters (a-z) or numbers (0-9) only in this field. No spaces or other characters are allowed.","V tomto poli prosím použijte pouze písmena (a-z), nebo číslice (0-9). Nejsou povoleny mezery ani jiné znaky."
"Please use only letters (a-z) or numbers (0-9) or spaces and # only in this field.","V tomto poli prosím použijte pouze písmena (a-z), číslice (0-9), mezery, nebo #."
"Please use this date format: dd/mm/yyyy. For example 17/03/2006 for the 17th of March, 2006.","Použijte prosím tento formát data: dd/mm/rrrr. Například 17/03/2006 pro 17. března, 2006."
"Please wait, loading...","Čekejte prosím, načítá se..."
"Please wait...","Prosím čekejte..."
"Please, add a few answers to this poll first","Nejprve přidejte nějaké odpovědi pro tuto anketu"
"Please, select a store view","Vyberte pohled na obchod"
"Please, select visible in stores to this poll first","Nejprve označte v obchodě anketu za viditelnou"
"Poll Manager","Správce anket"
"Poll was successfully deleted","Anketa byla úspěšně smazána"
"Poll was successfully saved","Anketa byla úspěšně uložena"
"Position of Watermark for %s","Pozice vodoznaku pro %s"
"Preferred state","Preferovaný stav"
"Preparing to change $pkg, please wait...","Připravuji na změnu $pkg, prosím čekejte..."
"Prev. month (hold for menu)","Předchozí měsíc (podržte pro menu)"
"Prev. year (hold for menu)","Předchozí rok (podržte pro menu)"
"Preview","Náhled"
"Preview Template","Náhled šablony"
"Previous page","Předchozí"
"Price","Cena"
"Price alert subscription was saved successfully","Upozornění na změnu ceny bylo úspěšně uloženo"
"Price:","Cena:"
"Primary Billing Address","Hlavní fakturační adresa"
"Processed <strong>%s%% %s/%d</strong> items","Zpracováno záznamů  <strong>%s%% %s/%d</strong>"
"Processed <strong>%s%% %s/%d</strong> records","Zpracováno <strong>%s%% %s/%d</strong> záznamů"
"Product","Produkt"
"Product Thumbnail Itself","Náhled produktu"
"Product:","Produkt:"
"Products","Produkty"
"Profile Action","Akce profilu"
"Profile Actions XML","Události XML"
"Profile Direction","Kontrola profilu"
"Profile History","Historie profilu"
"Profile Information","Informace o profilu"
"Profile Name","Jméno profilu"
"Profile Wizard","Průvodce profilem"
"Profile was deleted","Profil byl smazán"
"Profile was successfully saved","Profil byl úspěšně uložen"
"Profiles","Profily"
"Promo","Ukázka"
"Promotions","Propagace"
"Provided Files","Poskytnuté soubory"
"Qty","Množství"
"Quantity","Množství"
"Queue Refresh","Obnovit frontu"
"Queued... Cancel","Ve frontě... Zrušit"
"Radio Buttons","Přepínač"
"Rates","Sazby"
"Rating was successfully deleted","Hodnocení bylo úspěšně smazáno"
"Rating was successfully saved","Hodnocení bylo úspěšně uloženo"
"Read details","Číst podrobnosti"
"Rebuild","Přegenerovat"
"Rebuild Flat Catalog Category","Přegenerovat Flat katalog kategorií"
"Rebuild Flat Catalog Product","Přegenerovat Flat katalog produktů"
"Recent Orders","Poslední objednávky"
"Recommended","Doporučený"
"Recursive Dir","Rekurzivně adresáře"
"Redirect","Přesměrování"
"Refresh","Obnovit"
"Refresh Now*","Obnovit nyní*"
"Region/State","Kraj/Stát"
"Release","Vydání"
"Release Info","Info o vydání"
"Release Stability","Stabilita vydání"
"Release Version","Verze vydání"
"Remote Extension Info","Informace o vzdálených rozšíření"
"Remote FTP","Vzdálené FTP"
"Remote URL:","Vzdálené URL:"
"Remove","Odstranit"
"Reports","Reporty"
"Request Path","Požadovaná cesta"
"Required","Vyžadováno"
"Reset","Vynulovat"
"Reset Filter","Resetovat filtr"
"Resize","Změnit velikost"
"Resource Access","Přístup ke zdrojům"
"Resources","Zdroje"
"Results","Výsledky"
"Retrieve Password","Získat heslo"
"Return Html Version","Vrátit HTML verzi"
"Revenue","Příjem"
"Role","Role"
"Role ID","ID Role"
"Role Info","Info o roli"
"Role Information","Informace o roli"
"Role Name","Jméno role"
"Role Resources","Zdroje role"
"Role Users","Uživatelské role"
"Role successfully deleted.","Role úspěšně smazána."
"Role successfully saved.","Role úspěšně uložena."
"Roles","Role"
"Roles Resources","Zdroje role"
"Rotate CCW","Rotovat doleva"
"Rotate CW","Rotovat doprava"
"Run","Spustit"
"Run Profile","Spustit profil"
"Run Profile In Popup","Spustit profil v novém okně"
"Run Profile Inside This Window","Spustit profil uvnitř tohoto okna"
"Run in popup","Spustit v novém okně"
"Running... Kill","Běží... Zabít"
"Running:","Běží:"
"SKU","SKU"
"SKU:","SKU:"
"SSL Error: Invalid or self-signed certificate","SSL chyba: Špatný nebo nedůvěryhodný certifikát"
"Sales Report","Report prodejů"
"Samples","Ukázka"
"Save","Uložit"
"Save & Generate","Uložit a vygenerovat"
"Save Account","Uložit účet"
"Save And Continue Edit","Uložit a pokračovat v úpravách"
"Save As...","Uložit jako..."
"Save Config","Uložit nastavení"
"Save Currency Rates","Uložit sazby měn"
"Save PEAR Config","Uložit nastavení PEARu"
"Save Profile","Uložitprofil"
"Save Role","Uložit roli"
"Save Template","Uložit šablonu"
"Save User","Uložit uživatele"
"Save and Continue Editing","Uložit a pokračovat v úpravách"
"Save cache settings","Uložit nastavení cache"
"Save data and Create Package","Uložit data a vytvořit balíček"
"Save package with custom package file name","Uložit balík s vlastním jménem balíku"
"Schedule Merge","Naplánovat sloučení"
"Search","Hledání"
"Search Index","Vyhledávací index"
"Search Index rebuild error. Please try again later","Chyba při obnově vyhledávacího indexu. Prosím zkuste to později"
"Search Index was rebuilt successfully","Vyhledávací index byl úspěšně obnoven"
"Search Term","Hledaný výraz"
"Search Terms","Vyhledávané termíny"
"Select","Vybrat"
"Select All","Vybrat vše"
"Select Category","Vybrat kategorii"
"Select Date","Vybrat datum"
"Select Range","Vyberte rozsah"
"Select Visible","Označit viditelné"
"Select date","Vybrat datum"
"Select website from map","Vybrat stránky z mapy"
"Select website to map","Vybrat stránky do mapy"
"Selected allow currency ""%s"" is not available in installed currencies","Vybrané povolené měny ""%s"" nejsou dostupné v nainstalovaných měnách"
"Selected base currency is not available in installed currencies","Vybraná výchozí měna není dostupná v instalovaných měnách"
"Selected default display currency is not available in allowed currencies","Vybraná výchozí zobrazovaná měna není dostupná v povolených měnách"
"Selected default display currency is not available in installed currencies","Vybraná výchozí zobrazovaná měna není dostupná v povolených měnách"
"Sender","Odesilatel"
"Separate email","Oddělené emaily"
"Shipment #%s comment added","Komentář k zásilce %s přidán"
"Shipment #%s created","Zásilka #%s vytvořena"
"Shipment Comments","Komentář k zásilce"
"Shipment History","Historie zásilky"
"Shipment was successfully created.","Zásilka byla úspěšně vytvořena."
"Shipment was successfully sent.","Zásilka byla úspěšně odeslána."
"Shipping","Přeprava"
"Shipping Address","Dodací adresa"
"Shipping Price","Cena přepravy"
"Shipping address","Dodací adresa"
"Shipping address selection is not applicable","Vybraná adresa doručení není použitelná"
"Shipping method must be specified","Musí být vybrána metoda doručení"
"Shipping method selection is not applicable","Vybraná metoda doručení není použitelná"
"Shipping origin","Původ zásilky"
"Shopping Cart from %s","Nákupní košík od %s"
"Show Report for","Ukázat report"
"Show by","Ukázat"
"Show reviews","Zobrazit recenze"
"Sitemap Information","Informace o mapě stránek"
"Size for %s","Velikost pro %s"
"Skip category selection","Přeskočit výběr kategorie"
"Some items in this order have different invoice and shipment types. You can create shipment only after the invoice is created.","Některé z položek v této objednávce má rozdílnou fakturu a způsob doručení. Zásilku můžete vyrobit až po vystavení faktury."
"Some of the ordered items don't exist in the catalog anymore and will be removed if you try to edit the order.","Některé z objednaných položek již neexistují v katalogu a budou odstraněny pokud budete upravovat objednávku."
"Sorry, this feature is coming soon...","Omlouváme se, tato funkce bude teprve dodělána..."
"Sort Order","Pořadí"
"Specific Countries","Specifikujte Země"
"Spreadsheet Name:","Jméno sešitu:"
"Stability","Stabilita"
"Staging Store: ","Testovací sklad:"
"Staging Website: ","Testovací stránky: "
"Start Date","Start Datum"
"Starting profile execution, please wait...","Spouštím profil, prosím čekejte..."
"State/Province:","Kraj/Region:"
"Status","Stav"
"Status:","Stav:"
"Stock Quantity:","Množství na skladu:"
"Stock notification was saved successfully","Upozornění pro sklad úspěšně uloženo"
"Store","Obchod"
"Store Email Addresses Section","Emailové adresy obchodu"
"Store View","Obchod Pohled"
"Store:","Obchod:"
"Store: ","Obchod: "
"Subject","Předmět"
"Submit","Odeslat"
"Subpackage","část balíčku"
"Subpackage can't be conflicting","části balíčku způsobuje konflikty"
"Subpackages","části balíčku"
"Subtotal","Součet"
"Subtotal Amount","Neúplné množství"
"Summary","Souhrn"
"Summary:","Souhrn:"
"Switch/Solo Only","Přepínač/pouze samostatný"
"Switch/Solo card issue number: %s","Přepínač/Samostatné číslo karty: %s"
"Switch/Solo card start Date: %s/%s","Přepínač/Samostatné počáteční datum: %s/%s"
"Switch/Solo/Maestro(UK Domestic) Only","Switch/Solo/Maestro(pouze pro občany UK)"
"Switch/Solo/Maestro(UK Domestic) card issue number: %s","Switch/Solo/Maestro (pouze pro občany UK) číslo karty: %s"
"Switch/Solo/Maestro(UK Domestic) card start Date: %s/%s","Switch/Solo/Maestro (pouze pro občany UK) datum vydání karty: %s/%s"
"System","Systém"
"System Section","Systém"
"Tag was successfully deleted","Štítek byl úspěšně smazán"
"Tag was successfully saved","Štítek byl úspěšně uložen"
"Tags","Štítky"
"Target Path","Cílová cesta"
"Tax","Daň"
"Tb","Tb"
"Template","Šablona"
"Template Content","Obsah šablony"
"Template Information","Informace o šabloně"
"Template Name","Jméno šablony"
"Template Subject","Předmět šablony"
"Template Type","Typ šablony"
"Temporary (302)","Dočasné (302)"
"Text","Text"
"The archive can be uncompressed with <a href=""%s"">%s</a> on Windows systems","Archiv může být rozbalen <a href=""%s"">%s</a> v okně systému"
"The information in this tab has been changed.","Informace v této záložce byly změněny."
"This account is","Tento účet je"
"This account is inactive.","Tento účet je neaktivní."
"This attribute set don't have attributes which we can use for configurable product","Tato množina atributů neobsahuje atributy které mohou být použity pro konfigurovatelný produkt"
"This attribute shares the same value in all the stores","Tato vlastnost sdílí tu samou hodnotu ve všech obchodech"
"This is a required field.","Toto pole je povinné."
"This product is currently disabled","Tento produkt je v současné době nedostupný"
"This section is not allowed.","Tato sekce není povolená."
"This tab contains invalid data. Please solve the problem before saving.","Tato záložka obsahuje chybná data. Odstraňte je prosím před uložením."
"This user no longer exists","Tento uživatel již neexistuje"
"Thumbnail","Náhled"
"Time","Čas"
"Time selection:","Výběr času:"
"Time:","Čas:"
"To","Do"
"Toggle Editor","Přepnout editor"
"Tools","Nástroje"
"Top 5 Search Terms","Nejvyhledávanějších 5 výrazů"
"Total","Celkem"
"Total %d records found","Celkem nalezeno záznamů: %d"
"Total Amount","Celkové množství"
"Total Invoiced","Celkem fakturováno"
"Total Order Amount","Celkové množství objednávek"
"Total Refunded","Celkem zaplaceno"
"Total of %d record(s) were successfully deleted","Celkem úspěšně smazaných záznamů: %d"
"Total of %d record(s) were successfully updated","Celkem úspěšně uložených záznamů: %d"
"Track order","Sledovat objednávku"
"Track this shipment","Sledovat zásilku"
"Tracking number %s for %s assigned","Číslo pro sledování %s pro %s přiřazeno"
"Tracking number can not be empty.","Sledované číslo nemůže být prázdné."
"Transactional Emails","Transakční emaily"
"Type","Typ"
"Type:","Typ:"
"Unable to find a poll to delete","Nenalezena anketa k smazání"
"Unable to find a tag to delete","Nenalezen štítek k smazání"
"Unable to find a user to delete","Nenalezen uživatel k smazání"
"Unable to initialize import model","Nelze inicializovat importní model"
"Unable to save Cron expression","Nelze uložit výraz do Cronu"
"Uninstall","Odinstalovat"
"Uninstalling $pkg, please wait...","Odinstalovávám $pkg, prosím čekejte..."
"Uninstalling selected packages, please wait...","Odinstalovávám vybrané balíčky, prosím čekejte..."
"Unknown","Neznámý"
"Unknown error","Neznámá chyba"
"Unselect All","Odznačit vše"
"Unselect Visible","Odznačit viditelné"
"Update","Aktualizovat"
"Updated At","Aktualizovat v"
"Upgrade","Aktualizovat"
"Upgrade All Available Packages","Aktualizovat všechny dostupné balíčky"
"Upgrade all available packages","Aktualizovat všechny dostupné balíčky"
"Upgrade all packages","Aktualizovat všechny balíčky"
"Upgrading $pkg, please wait...","Aktualizuji $pkg, prosím čekejte..."
"Upgrading all available packages, please wait...","Aktualizuji všechny dostupné balíčky, prosím čekejte..."
"Upgrading all packages, please wait...","Aktualizuji všechny balíčky, prosím čekejte..."
"Upgrading selected packages, please wait...","Aktualizuji vybrané balíčky, prosím čekejte..."
"Upload File","Nahrát soubor"
"Upload Files","Nahrát soubory"
"Upload HTTP Error","HTTP chyba při nahrávání"
"Upload I/O Error","I/O chyba při nahrávání"
"Upload Local File","Nahrát lokální soubor"
"Upload Security Error","Bezpečnostní chyba při nahrávání"
"Upload and Install","Nahrát a instalovat"
"Upload import file","Nahrát importní soubor"
"Upload local file:","Nahrát lokální soubor:"
"Url Rewrite Management","Správa přepisů URL"
"Urlrewrite Information","Informace o url aliasech"
"Use Config Settings","Použijte konfiguraci nastavení"
"Use Default Value","Použít výchozí hodnotu"
"Use default","Použít výchozí"
"Use website","Použít webové stránky"
"User","Uživatel"
"User Email","Email uživatele"
"User ID","ID uživatele"
"User Info","Info o uživateli"
"User Information","Informace o uživateli"
"User Name","Uživatelské jméno"
"User Name:","Uživatelské jméno:"
"User Role","Role uživatele"
"User Roles","Role uživatele"
"User Roles Information","informace o rolích uživatele"
"User name","Uživatelské jméno"
"User was successfully deleted","Uživatel byl úspěšně smazán"
"User was successfully saved","Uživatel byl úspěšně uložen"
"User with the same User Name or Email aleady exists","Uživatel se stejným jménem nebo emailem už existuje"
"Users","Uživatelé"
"Value","Hodnota"
"Value Delimiter:","Oddělovač hodnot:"
"Version","Verze"
"Version:","Verze:"
"View","Pohled"
"View Actions XML","Zobrazit události XML"
"View Statistics for","Zobrazit statistiku pro"
"Visibility:","Viditelnost:"
"Warning! Empty value can cause problems with CSV format.","Upozornění! Prázdná hodnota může způsobit problémy s CSV formátem."
"Warning!rnThis action will remove this user from already assigned rolernAre you sure?","Warning!rnThis action will remove this user from already assigned rolernAre you sure?"
"Warning!rnThis action will remove those users from already assigned rolesrnAre you sure?","Warning!rnThis action will remove those users from already assigned rolesrnAre you sure?"
"Warning: Please don't close window during importing/exporting data","Varování: Prosím nezavírejte okno během importu/exportu dat"
"Watermark File for %s","Vodoznak pro %s"
"We're in our typing table, coding away more features for Magento. Thank you for your patience.","Prostě na tom makáme. Děkujeme za shovívavost ;)."
"Web Section","Web"
"Web Services","Webové služby"
"Web services","Webové služby"
"Website","Webové stránky"
"Website: ","Webové stránky: "
"Websites","Webové stránky"
"Websites / Stores","Webové stránky / Obchody"
"What is this?","Co to je?"
"Wishlist Report","Report seznamu přání"
"Wrong column format","Chyba formátu sloupců"
"Wrong tab configuration","Chybné nastavení tabulky"
"XML","XML"
"YTD","Letos"
"Year","Rok"
"Yes","Ano"
"Yes (only price with tax)","Ano (pouze cena s daní)"
"You can not delete self assigned roles.","Nemůžete smazat přiřazené role."
"You cannot delete account of yourself","Nemůžete smazat účet"
"You have","Máte"
"You have not enought permissions to login.","Nemáte práva k přihlášení."
"You have not enought permissions to use this functionality.","Nemáte práva k použití této funkce."
"You need specify carrier.","Musíte vybrat způsob přepravy."
"You need to specify order items","Musíte určit pořadí položek"
"You successfully logged out.","Odhlášení proběhlo úspěšně."
"Your answers contain duplicates.","Vaše odpověď obsahuje duplikáty."
"Your server PHP settings allow you to upload files not more than %s at a time. Please modify post_max_size (currently is %s) and upload_max_filesize (currently is %s) values in php.ini if you want to upload larger files.","Nastavení PHP Vašeho serveru v tuto chvíli neumožňuje nahrát soubory větší než %s. Prosím upravte hodnoty post_max_size (momentálně je %s) a upload_max_filesize (momentálně je %s) v php.ini pokud chcete nahrávat větší soubory."
"Zip/Postal Code","PSČ"
"Zip/Postal Code:","PSČ"
"[ deleted ]","[ smazáno ]"
"[deleted]","[smazáno]"
"b","b"
"close","zavřít"
"critical","kritická"
"example: ""sitemap/"" or ""/"" for base path (path must be writeable)","například: ""sitemap/"" nebo ""/"" pro výchozí cestu (cesta musí být zapisovatelná)"
"example: sitemap.xml","například: sitemap.xml"
"from","od"
"images/logo.gif","images/logo.gif"
"items selected","Vybrané položky"
"major","vysoká"
"md5sum","md5sum"
"minor","nízká"
"notice","upozornění"
"of %s pages","stránek %s"
"or","nebo"
"per page","na stránku"
"store(%s) scope","rozsah obchodu (%s)"
"to","do"
"website(%s) scope","rozsah webových stránek (%s)"
"{{base_url}} is not recommended to use in a production environment to declare the Base Unsecure Url / Base Secure Url. It is highly recommended to change this value in your Magento <a href=""%s"">configuration</a>.","{{base_url}} Není doporučováno používat výchozí nastavení přednastavené ve Výchozí nezabezpečená URL/ Výchozí zabezpečená URL. Je významně doporučováno změnit tuto hodnotu ve Vaší Magento <a href=""%s"">konfiguraci</a>."
"One or more of the Indexes are not up to date:","Datové Indexy nejsou aktuální:"
"Prices","Ceny"
"Meta Information","Meta informace"
"Gift Options","Možnosti darování"
"Enable Qty Increments","Povolit přírůstky množství"
"Save and Continue Edit","Uložit a pokračovat v editaci"
"Recurring Profile","Opakující se profil"
"Transactions","Transakce"
"Order ID","ID objednávky"
"Transaction ID","ID transakce"
"Parent Transaction ID","ID nadřazené transakce"
"Payment Method Name","Název platební metody"
"Is Closed","Uzavřeno"
"Add New","Přidat nové"
"Rate Percent","Daňová sazba"
"Import Tax Rates","Import daňových sazeb"
"Export Tax Rates","Export daňových sazeb"
"The configuration has been saved.","Konfigurace byla uložena."
"Manage Apps","Správa aplikací"
"App Code","Kód aplikace"
"App Name","Jméno aplikace"
"Device","Zařízení"
"App Submission History","Historie vložení aplikace"
"Submission History","Historie vložení"
"Date Submitted","Datum vložení"
"App Title","Popis aplikace"
"Activation Key","Aktivační klíč"
"AirMail templates","AirMail šablony"
"Application","Aplikace"
"Push Title","Popis vložení"
"Message Title","Předmět zprávy"
"Template creation is allowed only for applications which have device type iPhone, but this kind of applications has not been found.","Vytvoření šablony je možné pouze aplikace pro zařízení typu iPhone, ale tento typ aplikace nebyl nalezen."
"Message Templates","Šablony zpráv"
"Message Queue","Fronta zpráv"
"AirMail Messages Queue","AirMail fronta zpráv"
"Application Name","Jméno aplikace"
"Queue Date","Datum fronty"
"Not Visible Individually","Není viditelné samostatně"
"TheFind feed","TheFind zdroj"
"Manage attributes","Spravovat atributy"
"Manage items","Spravovat položky"
"Feed code","Kód zdroje"
"Eav code","Eav kód"
"In feed","Zahrnout do importu"
"Attributes map","Mapa atributů"
"Product import","Import produktů"
"Include in Navigation Menu","Zahrnout do menu navigace"
"Thumbnail Image","Obrázek náhledu"
"URL key","URL klíč"
"Is Active","Aktivní"
"Display Settings","Nastavení vzhledu"
"Display Mode","Mód zobrazení"
"CMS Block","CMS blok"
"Is Anchor","Je kotva"
"Available Product Listing Sort By","Dostupné třídění produktů dle"
"Default Product Listing Sort By","Výchozí třídění dle"
"Layered Navigation Price Step","Velikost rozmezí pro třídění dle ceny"
"Use Parent Category Settings","Použít nastavení nadřazené kategorie"
"Apply To Products","Použít na produkty"
"Active From","Aktivní od"
"Active To","Aktivní do"
"Page Layout","Rozvržení stránky"
"Custom Layout Update","Vlastní update rozložení"
"Use All Available Attributes","Použít všechny dostupné atributy"
"Mobile","Mobilní aplikace"
"Use in Quick Search","Použít při Rychlém vyhledávání"
"Use in Advanced Search","Použít při Pokročilém vyhledávání"
"Use for Promo Rule Conditions","Použít pro podmínky pravidel propagace"
"Allow HTML Tags on Frontend","Povolit HTML tady na přední straně"
"Used in Product Listing","Použít u výpisu produktů"
"Used for Sorting in Product Listing","Použít pro třídění u výpisu produktů"
"Edit Set Name","Editace názvu množiny"
"URL Rewrite Management","Správa přepisů URL"
"Add URL Rewrite","Přidat URL přepis"
"Create URL Rewrite:","Vytvořit URL přepis:"
"The rating has been saved.","Hodnocení bylo uloženo."
"Base Popularity","Základní popularita"
"Manage Tags","Spravovat štítky"
"Checkbox Text","Text zaškrtávacího políčka"
"Customer Email","Email zákazníka"
"Reference ID","Referenční ID"
"Payment Reference ID","Referenční ID platby"
"Profile State","Stav profilu"
"Schedule Description","Popis rozvržení"
"Suspend","Pozastaveno"
"Expired","Expirované"
"Not Initialized","Neinicializované"
"Please Select a Customer","Prosím zvolte zákazníka"
"Compilation","Kompilace"
"Compilation State","Stav kompilace"
"Compiler Status","Stav kompilátoru"
"Collected Files Count","Počet sesbíraných souborů"
"Scopes Compilation Settings","Nastavení kompilace prostoru"
"Compiled Scopes Count","Počet kompilovaných prostorů"
"Run Compilation Process","Spustit kompilační proces"
"Import Settings","Nastavení importu"
"Check Data","Ověřit data"
"Import Behavior","Chování importu"
"Select File to Import","Zvolte soubor k importu"
"Products","Produkty"
"Customers","Zákazníci"
"Append Complex Data","Připojit všechna data"
"Delete Entities","Smazat entity"
"Replace Existing Complex Data","Nahradit všechna existující data"
"Export Settings","Nastavení exportu"
"Export File Format","Formát exportovaného souboru"
"Dataflow - Profiles","Dataflow - profily"
"Dataflow - Advance Profiles","Dataflow - rozšířené profily"
"Template Styles","Styly šablon"
"Custom Variables","Vlastní proměnné"
"Variable ID","ID proměnné"
"Variable Code","Kód proměnné"
"Add New Variable","Přidat novou proměnou"
"Variable Name","Název proměnné"
"Variable HTML Value","HTML hodnota proměnné"
"Variable Plain Value","Hodnota proměnné - prostý text"
"New Custom Variable","Nová vlastní proměnná"
"Save Data and Create Package","Uložit data a vytvořit balíček"
"Supported releases","Podporované verze"
"Authors","Autoři"
"Folder","Složka"
"Load Local Package","Načíst místní balíček"
"Cache Storage Management","Správa ukládání cache"
"Additional Cache Management","Doplňující správa cache"
"Pregenerated product images files.","Předgenerované soubory obrázků."
"Flush Catalog Images Cache","Vyprázdnit cache katalogových obrázků"
"Flush JavaScript/CSS Cache","Vyprázdnit cache JavaScript/CSS"
"Themes JavaScript and CSS files combined to one file.","Šablony JavaScriptových a CSS souborů zkombinovaných do jednoho souboru."
"Flush Cache Storage","Výprázdnit cache zásobník"
"Flush Magento Cache","Vyprázdnit Magento cache"
"Web Services definition files (api.xml).","Definiční soubory webových služeb (api.xml)."
"Entity types declaration cache.","Cache deklarace typů entit."
"Collection data files.","Datové soubory kolekcí." 
"Translation files.","Soubory s překlady."                              
"Page blocks HTML.","HTML bloky stránek." 
"Layout building instructions.","Instrukce tvorby rozložení stránek." 
"System(config.xml, local.xml) and modules configuration files(config.xml).","Systemové(config.xml, local.xml) a modulové konfigurační soubory(config.xml)."
"Index Management","Správa indexů" 
"Reindex Data","Reindex dat"
"Change Index Mode","Změnit mód Indexu"
"Update on Save","Aktualizovat při uložení"
"Ready","Připraveno"
"Rebuild Tag aggregation data","Obnovit štítek agregace dat"
"Tag Aggregation Data","Štítek agregace dat"
"Index Process Information","Indexové informace o procesu"
"Stock Status","Stav skladu"
"Index Product Stock Status","Index produktů stavu skladu"
"Index Mode","Mód indexu"
"Index Description","Popis indexu"
"Index Name","Název indexu"
"Process Information","Informace o procesu"
"Save Process","Uložit proces"
"Index product attributes for layered navigation building","Indexace atributů produktů pro tvorbu vrstvené navigace"
"Product Prices","Ceny produktů"
"Index product prices","Indexace cen produktů"
"Catalog URL Rewrites","Přepisy katalogových URL"
"Index product and categories URL rewrites","Indexace přepisů URL produktů a kategorií"
"Product Flat Data","Flat data produktů"
"Reorganize EAV product structure to flat structure","Reorganizace EAV produktové struktury na flat strukturu"
"Category Flat Data","Flat data kategorií"
"Reorganize EAV category structure to flat structure","Reorganizace EAV struktury kategorií na flat strukturu"
"Indexed category/products association","Přiřazení indexů kategorií a produktů"
"Rebuild Catalog product fulltext search index","Obnovení indexu vyhledávání fulltextu a katalogu"
"Catalog Search Index","Indexace katalogového vyhledávání"
"Order Statuses","Stavy objednávek"
"Create New Status","Vytvořit nový stav"
"Assign Status to State","Přiřadit název stavu"
"Unassign","Odebrat"
"Status Code","Kód stavu"
"State Code [State Title]","Kód stavu [Název stavu]"
"Countries Options","Možnosti nastavení země"
"Allow Countries","Povolené země"
"Postal Code is Optional for the following countries","PSČ je volitelné pro tyto země"
"Locale Options","Nastavení lokalizace"
"Store Contact Telephone","Telefon na kontakt obchodu"
"Store Contact Address","Adresa kontaktu obchodu"
"Auto-redirect to Base URL","Automaticky přesměrovat na Base URL"
"I.e. redirect from http://example.com/store/ to http://www.example.com/store/","např. přesměrovat z http://example.com/store/ na http://www.example.com/store/"
"Default Web URL","Výchozí URL"
"Default No-route URL","Výchozí URL - nenalezeno"
"When using CDN, in some cases JavaScript may not run properly if CDN is not in your subdomain","hjgh"
"Banner was successfully saved","Baner byl uložen."
"Banners Manager","Správa baneru"
"Manage Banners","Správa baneru"
"Banners","Baner"
"The product has been saved.","Produkt byl uložen."
"Manager","Správa atributů"
"Manage Attributes for categories and customers","Spravovat atributy kategorií a zákazníků"
"Choose attributes to manage","Zvolte atributy, které chcete spravovat"
"Categories attributes","Atributy kategorií"
"Customers attributes","Atributy zákazníků"
"Customer's address attributes","Atributy adresy zákazníků"
"New Attribute","Přidat atribut"
"If you do not specify an option value for a store then the default value will be used.","Pokud nezvolíte store, bude zvolena defaultní hodnota."
"Item was successfully saved","Položka byla úspěšně uložena"
"CSS Settings","Nastavení CSS"
"Merge CSS Files","Sloučit soubory CSS"
"JavaScript Settings","Nastavení JavaScript"
"Merge JavaScript Files","Sloučit soubory JavaScript"
"Template Settings","Nastavení šablony"
"Allow Symlinks","Povolit symbolické odkazy"
"Translate, blocks and other output caches should be disabled for both frontend and admin inline translations.","Překlady, bloky a jiné cache by měli být neaktivní pro inline překlady frontend i admin rozhraní."
"Warning! Enabling this feature is not recommended on production environments because it represents a potential security risk.","Varování! Aktivací této možnosti není doporučeno v produkčním prostředí, protože představuje potencionální bezpečnostní nebezpečí."
"Leave empty for access from any location.","Ponechte prázdné pro povolení přístupu z kterékoli adresy."
"Disable Modules Output","Deaktivace modulů"
"Generate Schedules Every","Generování plánu každých"
"Schedule Ahead for","Plán předem pro"
"Missed if Not Run Within","Ztraceno pokud neběží"
"History Cleanup Every","Pročištění historie každých"
"Success History Lifetime","Uchování historie úspěšných"
"Failure History Lifetime","Uchování historie chybových"
"Mail Sending Settings","Nastavení odesílání mailů"
"Disable Email Communications","Deaktivace emailové komunikace"
"For Windows server only.","Pouze pro Windows server."
"Log Cleaning","Pročistění logování"
"Save Log, Days","Ukládání logování,dnů"
"Enable Log Cleaning","Povolit pročistění logu"
"Use HTTPS to Get Feed","Použít HTTPS pro získání Feedu"
"Update Frequency","Četnost updatování"
"Last Update","Poslední update"
"External Full Page Cache Settings","Nastavení externí celostránkové cache."
"Enable External Cache","Povolit externí cache"
"Storage Configuration for Media","Nastavení uložiště pro média"
"Media Storage","Úložiště médií"
"After selecting a new media storage location, press the Synchronize button                                 to transfer all media to that location. Media will not be available in the new                                 location until the synchronization process is complete.","Po vybrání nového úložiště médií, Stiskněte tlačítko pro Synchronizaci, abyse všechny soubory přesunuly do tohoto umístění. Media nebudu dostupná z nového umístění, dokud se v pořádku nedokončí proces synchornizace."
"Environment Update Time","Čas update prostředí"
"Synchronize","Synchronizace"
"Enable Charts","Povolit grafy"
"Startup Page","Úvodní stránka"
"Use Custom Admin Path","Použít výchozí url pro administraci"
"Login is Case Sensitive","Login - rozlišovat malé a velké písmena"
"Session Lifetime (seconds)","Doba trvání session (sekundy)"
"Values less than 60 are ignored. Note that changes will apply after logout.","Hodnoty menší než 60 jsou ignorovány. Změny se projeví až po odhlášení."
"Default Response Charset","Výchozí znaková tabulka"
"Client Session Timeout (sec.)","Timeout session klienta"
"WS-I Compliance","WS-I shoda"
"Banners Configuration","Nastavení Baneru"
"Banner Width","Šířka baneru"
"Banner Height","Výška baneru"
"Banner Background Color","Barva pozadí baneru"
"Auto Play","Automatické přehrávání"
"Banner Image Resize To Fit","Upravit obrázky dle velikosti banneru"
"(if you select yes Images are auto fit to banner size that you specifiy above!)","(Pokud zvolíte ano, velikost obrázků se automaticky upraví dle velikosti baneru viz. výše)"
"Banner Image Randomize Order","Zobrazit obrázky náhodně"
"(If you set yes images display randomly!)","(pokud zvolíte ano, obrázky se budou zobrazovat v náhodném pořadí)"
"Text Settings","Nastavení textu"
"Transition Settings","Nastavení přechodu"
"Show Hide Settings","Nastavení zobrazení"
"Show Timer Clock","Zobrazit časovač"
"Show Next Button","Zobrazit tlačítko další"
"Show Back Button","Zobrazit tlačítko předchozí"
"Show Number Buttons","Zobrazit tlačítka s čísly obrázků"
"Show Number Buttons Always","Zobrazit tlačítka s čísly obrázků vždy"
"Show Number Buttons Horizontal","Zobrazit tlačítka s čísly obrázků horizontálně"
"Show Number Buttons Ascending","Zobrazit tlačítka s čísly obrázků vzestupně"
"Show Play Pause On Timer","Zobrazit tlačítko pustit/zastavit"
"Align Buttons Leftr","Zarovnat tlačítka vlevo"
"Align Text Top","Zarovnat text nahoru"
"Text Size","Velikost textu"
"Text Color","Barva textu"
"Text Area Width","Šířka textového pole"
"Text Line Spacing","Výška řádku"
"Text Margin Left","Odsazení textu zleva"
"Text Letter Spacing","Velikost odsazení mezi znaky"
"Text Margin Bottom","Odsazení textu zdola"
"Text Background Blur","Rozmazání pozadí textu"
"Text Background Transparency","Průhlednost pozadí textu"
"Text Background Color","Barva pozadí textu"
"Transition Type","Typ přechodu"
"(There are 1-12 Differrent effects set the values b/w 1-12 and see effects!)","(Je možnost vybrat 12 typů přechodů. Zvolte číslo 1-12 pro výběr efektu)"
"Transition Blur","Rozmázání přechodu"
"Transition Speed","Rychlost přechodu"
"Transition Delay Time Fixed","Fixní čas zpožděného přechodu"
"Transition Random Effects","Náhodné efekty přechodu"
"Transition Delay Time Per Word","Čas zpožděného přechodu pro slova"
"Checkout Totals Sort Order","Pořadí řazení souhrnu objednávky"
"Fixed Product Tax","Daň zboží"
"Logo for PDF Print-outs (200x50)","Logo pro tisk PDF (200x50)"
"Logo for HTML Print View","Logo pro HTML náhled"
"Minimum Amount","Minimální množství"
"Description Message","Popisná zpráva"
"Subtotal after discount.","Součet po slevě"
"Minimum Order Amount","Minimální objednáné množství"
"This message will be shown in shopping cart when subtotal after discount less than minimum amount.","Tato zpráva se zobrazí v nákupním košíku pokud je součet po slevě nižší než minimální množství."
"Error to Show in Shopping Cart","Zpráva v nákupním košíku"
"Validate Each Address Separately in Multi-address Checkout","Vyhodnocovat každou z adres odděleně u nakupování s více dodacími adresami"
"Multi-address Description Message","Popisná zpráva (více adres)"
"If empty, the default description above will be used.","Pokud není vyplněno použije se výchozí"
"Multi-address Error to Show in Shopping Cart","Zpráva v nákupním košíku (více adres)"
"If empty, the default error above will be used.","Pokud je prázdný, výchozí chyba (viz.výše) bude použita"
"Use Aggregated Data (beta)","Použít shromážděná data (beta)"
"Improves dashboard performance but provides non-realtime data.","Zvyšuje rychlost nástěnky ale neposkytuje data v reálném čase."
"Minimum Advertised Price","Minimální reklamní cena"
"Enable MAP","Povolit MAP"
"Apply MAP (Default Value)","Použít MAP(výchozí hodnota)"
"Display Actual Price","Zobrazovat aktuální cenu"
"Default Popup Text Message","Výchozí popisná zpráva(popup)"
"Warning! Applying MAP by default will hide all product prices on the frontend.","Varování! Použitím MAP jako výchozí vlastnost se skryjí všechny ceny produktl na eshopu."
"Default "What's This" Text Message","Výchozí popisná zpráva"
"Zip/Post is Range","PSČ dle stanoveného rozsahu"
"No Payment Information Required","Informace o platební metodě nejsou vyžadovány"
"Please Select Products to Add","Vyberte, prosím, produkty, které chcete přídat"
"Products per Page on Grid Allowed Values","Počet zobrazených produktů na stránce - mód Tabulka (povolené hodnoty)"
"Products per Page on Grid Default Value","Počet zobrazených produktů na stránce - mód Tabulka (výchozí hodnota)"
"Comma-separated.","Oddělujte čárkou."
"Must be in the allowed values list.","Musí být v seznamu povolených hodnot."
"Products per Page on List Allowed Values","Počet zobrazených produktů na stránce - mód Seznam (povolené hodnoty)"
"Products per Page on List Default Value","Počet zobrazených produktů na stránce - mód Seznam (výchozí hodnota)"
"Allow All Products per Page","Povolit zobrazení všech produktů na stránce"
"Whether to show ""All"" option in the ""Show X Per Page"" dropdown.","Zobrazovat možnost ""Vše"" v nabídce ""Zobrazovat X produktů na stránce""."
"Product Listing Sort by","Nastavit řazení produktů dle"
"Allow Dynamic Media URLs in Products and Categories","Povolit dynamické URL médií u produktu a kategorií"
"E.g. {{media url=""path/to/image.jpg""}} {{skin url=""path/to/picture.gif""}}. Dynamic directives parsing impacts catalog performance.","Např. {{media url=""path/to/image.jpg""}} {{skin url=""path/to/picture.gif""}}. Dynamické zpracování odkazů ovlivňuje rychlost výpisu katalogu."
"Minimum Lines per Page","Minimální počet řádků na stránku"
"Allow Guests to Write Reviews","Povolit psaní recenzí nepřihlášeným uživatelům"
"Allow Alert When Product Price Changes","Povolit upozornění při změně ceny"
"Price Alert Email Template","Šablony emailu - upozornění na změnu ceny"
"Allow Alert When Product Comes Back in Stock","Povolit upozornění na zboží opět skladem"
"Stock Alert Email Template","Šablony emailu - upozornění opět skladem"
"Default Recently Viewed Products Count","Výchozí počet nedávno zobrazených produktů"
"Default Recently Compared Products Count","Výchozí počet nedávno porovnávaných produktů"
"Defines the base currency scope (""Currency Setup"" > ""Currency Options"" > ""Base Currency"").","Definuje základní rozsah měny (""Nastavení měny"" > ""Možnosti měny"" > ""Hlavní měna"")."
"Price Navigation Step Calculation","Výpočet pro kroku při třídění dle ceny"
"Automatic","Automaticky"
"Manual","Manuálně"
"Layered Navigation","Navigace ve vrstvách"
"Autogenerated Site Map","Automaticky generována sitemap"
"Popular Search Terms","Často hledané výrazy"
"Use Categories Path for Product URLs","Použít cesty kategorií pro Url produktu"
"Create Permanent Redirect for old URLs if Url key changed","Vytvořit trvalé přesměrování pro staré Url, pokud se změní Url klíč"
"Use Canonical Link Meta Tag For Categories","Použít meta tag kanonické url pro kategorie"
"Use Canonical Link Meta Tag For Products","Použít meta tag kanonické url pro produkty"
"Cache refresh needed.","Je potřeba obnovit cache."
"Applies for ""Like"" search type only.","Platí pouze pro vyhledávání typu ""Like"""
"Apply Layered Navigation if Search Results are Less Than","Použít navigaci ve vrstvách pokud je výsledkem hledání méně než"
"Enter ""0"" to enable layered navigation for any number of results.","Vložte ""0"" pokud chcete aktivovat pro jakýkoliv počet výsledků."
"Order Item Status to Enable Downloads","Stav objednané položky pro povolení stažení"
"Use Content-Disposition","Dispozice obsahu"
"Disable Guest Checkout if Cart Contains Downloadable Items","Zakázat nákup nepřihlášeným, pokud košík obsahuje stahovatelný produkt"
"Guest checkout will only work with shareable.","Nákup bude možný u nepřihlášených pouze v případě sdílených produktů."
"Date Fields Order","Pořadí položek datumu"
"Time Format","Formát času"
"Use four-digit year format.","4-místný formát letopočtu."
"The user has been deleted.","Uživatel byl smazán."
"URL Key","URL klíč"
"Relative to Website Base URL","Relativní k základní URL"
"Content Heading","Nadpis obsahu"
"Custom Design From","Uživatelský vzhled od"
"Custom Design To","Uživatelský vzhled do"
"Custom Layout","Vlastní rozvržení"
"Custom Layout Update XML","XML update vlastního rozvržení"
"Add New Widget Instance","Přidat novou instanci widgetu"
"Delete Item","Smazat položku"
"Show By: ","Zobrazit:"
"Order Updated Date report is real-time, does not need statistics refreshing.","Aktualizace data reportu objednávky je v reálném čase, není třeba obnovovat statistiky."
"Applies to Any of the Specified Order Statuses","Použít se specifikovanými stavy objednávek."
"Coupons Usage Report","Statistika využívání kupónů"
"Last updated: %s. To refresh last day's <a href=""%s"">statistics</a>, click <a href=""%s"">here</a>.","Poslední aktualizace: %s. Pro obnovení <a href=""%s"">statistiky</a>, klikněte <a href=""%s"">zde</a>."
"undefined","nedefinováno"
"Not Compiled","Nekompilováno"
"API Key","API Klíč"
"API Key Confirmation","Potvrzení API klíče"
"Dataflow - Advanced Profiles","Dataflow - Rozšířené profily"
"New Order Status","Nový stav objednávky"
"Order Status Information","Informace stavu objednávky"
"Status Label","Označení stavu"
"Save Status","Uložit stav"
"Save Status Assignment","Uložit přiřazení stavu"
"Order State","Stav objednávky"
"Use Order Status As Default","Použít tento stav jako výchozí"
"Assignment Information","Informace o přiřazení"
"Assign Order Status to State","Přiřadit status objednávky ke stavu"
"Yes (302 Found)","Ano (302 Found)"
"Yes (301 Moved Permanently)","Ano (301 Moved Permanently)"
"Offloader header","Offloader hlavička"
"CMS No Cookies Page","CMS stránka neaktivní cookies"
"Show Breadcrumbs for CMS Pages","Zobrazovat drobečkovou navigaci u CMS stránek"
"Disallow Voting in a Poll Multiple Times from Same IP-address","Zakázat hlasování v anketě vícekrát ze stejné IP-adresy"
"Session Cookie Management","Správa session cookies"
"Use SID on Frontend","Použít SID na eshopu"
"Allows customers to stay logged in when switching between different stores.","Povolit uživatelům neodhlašovat se při přepínání mezi různými stores"
"Redirect to CMS-page if Cookies are Disabled","Přesměrovat na CMS stránku pokud jsou neaktivní cookies"
"Show Notice if JavaScript is Disabled","Zobrazovat upozornění pokud je vypnut Javascript"
"Browser Capabilities Detection","Detekce možností prohlížeče"
"Favicon Icon","Favicon Ikona"
"Allowed file types: ICO, PNG, GIF, JPEG, APNG, SVG. Not all browsers support all these formats!","Povolené formáty: ICO, PNG, GIF, JPEG, APNG, SVG. Ne všechny prohlížeče podporují všechny z těchto formátů!"
"Miscellaneous Scripts","Různé skripty"
"Display Demo Store Notice","Zobrazovat upozornění - Demo Eshop"
"This will be included before head closing tag in page HTML.","Bude umístěno před uzavírací tag html značky head"
"This will be displayed just before body closing tag.","Bude umístěno před uzavírací tag html značky body"
"Example format: 200x300.","Např.: 200x300."
"Allowed file types: jpeg, gif, png.","Podporované formáty: jpeg, gif, png."
"Pagination","Stránkování"
"Pagination Frame","Rozsah stránkování"
"Pagination Frame Skip","Rozsah vynechání stránek"
"Anchor Text for Previous","Text odkazu pro předchozí"
"Anchor Text for Next","Text odkazu pro Další"
"Alternative text for next link in pagination menu. If empty, default arrow image will used.","Alternativní popis pro odkaz na následující stránku."
"Alternative text for previous link in pagination menu. If empty, default arrow image will used.","Alternativní popis pro odkaz na předchozí stránku."
"If the current frame position does not cover utmost pages, will render link to current position plus/minus this value.","Pokud akutální stránka je vzdálená od krajních stránek, zobrazí se odkaz odkazy plus/minus od této stránky."
"How many links to display at once.","Kolik odkazů(stránek se má zobrazovat)"
"General Contact","Obecný kontakt"
"Sales Representative","Obchodní zástupce"
"Customer Support","Zákaznická podpora"
"Custom Email 1","Volitelný email 1"
"Custom Email 2","Volitelný email 2"
"Zebu configuration","Zebu nastavení"
"Year-To-Date Starts","Začátek kalendářního roku"
"Current Month Starts","Začátek aktuálního měsíce"
"Select day of the month.","Zvolte den měsíce"
"Content Management","Správa obsahu"
"WYSIWYG Options","Nastavení WYSIWYG"
"Enable WYSIWYG Editor","Povolit WYSIWYG editor"
"Enabled by Default","Standartně povoleno"
"Disabled by Default","Standartně zakázano"
"Disabled Completely","Úplně zakázat"
"Applicable to catalog products and categories only. Any media content will be inserted into editor as a static URL. It is not updated if the system configuration base URL changes.","Platí pouze pro produkty v katalogu a kategorie. Všechny média(obrázky atp.) budou vloženy do editoru jako statické URL. Nebudou aktualizovány, pokud se změní nastavení Base URL."
"Use Static URLs for Media Content in WYSIWYG for Catalog","Používat statická URL pro média pro WYSIWYGv katalogu"
"Only X left Threshold","Hranice - Pouze X zbývá"
"Display Out of Stock Products","Zobrazovat vyprodané produkty"                                                       
"<strong>Note</strong> that these settings are applicable to cart line items, not the whole cart.","<strong>Upozornění:</strong> Tato nastavení jsou platná pouze pro jednotlivé položky, ne pro celý košík."
"Qty for Items' Status to Become Out of Stock","Množství zboží pro přechod na stav Vyprodáno"
"Add Minimum Qty","Přidat minimální množství"
"Automatically Return Credit Memo Item to Stock","Automaticky vrátit na sklad položky z dobropisu"
"Valid values range: from 0.0 to 1.0.","Platný rozsah hodnot je od 0.0 do 1.0"
"Email Templates","Emailové šablony"
"Select Email Template","Vyberte emailovou šablonu"
"Date Format","Formát datumu"
"Full","Plný"
"Long","Dlouhý"
"Short","Krátký"
"Medium","Střední"
"Enable ReCAPTCHA","Povolit ReCAPTCHA"
"ReCAPTCHA Public Key","ReCAPTCHA Veřejný klíč"
"ReCAPTCHA Private Key","ReCAPTCHA Privátní klíč"
"Go to http://recaptcha.net/api/getkey to get keys","Klíče lze získat na adrese http://recaptcha.net/api/getkey"
"Comment Submitted (Default Template from Locale)","Vložený komentář (Výchozí šablona z Locale)"
"Tags to display","Počet zobrazených tagů"
"The number of tags to display in tag cloud. 0 Will disable tag cloud","Počet tagů, které se zobrazí v tag cloudu. Pokud nastavíte 0 tag cloud se nezobrazuje"
"Enable Categories menu","Povolit menu kategorií"
"Parse CMS tags in post contents","Parsovat CMS tagy v obsahu aktuality"
"Use short content field","Použít pole krátký popis"
"If turned on additional ""short content field"" will be taken instead of truncated main post.","Pokud je aktivováno další pole pro ""krátký popis"" toto se použije místo zkráceného dlouhého popisu."
"Installed aheadWorks Extensions","Nainstalované moduly od aheadWorks"
"I'd like to be informed by aheadWorks about:","Přeji si být informován o:"
"My extensions updates","Aktualizace mých rozšíření"
"All extensions updates","Aktualizace všech rozšíření"
"New Releases","Nová vydání"
"Promotions/Discounts","Nabídky/Slevy"
"Other information","Ostatní informace"
"Cron Hour","Hodina provádění Cronu"
"Cron Frequency","Četnost provádění Cronu"
"Daily","Denně"
"Weekly","Týdně"
"Monthly","Měsíčně"
"Every minute","Každou minutu"
"Update TheFind Item when Product is Updated","Aktualizovat TheFind položku pokud je produkt aktualizován"
"FTP Password","FTP Heslo"
"TheFind Feed Filename","TheFind Feed název souboru"
"FTP User","FTP Uživatelské jméno"
"FTP Path","FTP Cesta"
"FTP Server","FTP Server"
"In order to access your FTP account information, you must first register and verify your store in TheFind Merchant Center.  Click <a href=""https://merchant.thefind.com/mc/claim.fhtml"">here</a> to get started.","Aby jste mohli získat své FTP údaje, je třeba, aby jste se nedjříve registrovali a Váš eshop bude ověřen na TheFind Merchant Center.  Klikněte <a href=""https://merchant.thefind.com/mc/claim.fhtml"">zde</a> pro registraci."
"Allow Guest Subscription","Umožnit odběr zpravodaje pro neregistrované zákazníky"
"Checkout Newsletter","Příhlášení k odběru zpravodaje při objednávce"
"Checked by default","Vybráno jako výchozí"
"Visible to guest","Viditelné pro neregistrované zákazníky"
"Visible to registrant","Viditelné pro registrované zákazníky"
"This email will be sent instead of default welcome email, after account confirmation.","Tento email bude odeslán místo obvyklého uvítacího emailu(po odeslání informací o účtu)."
"Generate Human-Friendly Customer ID","Vygenerovat uživatelsky-přívětivé zákaznické ID"
"Address Templates","Šablony adresy"
"Customer will stay on the current page if ""No""" is selected.","Zákazník zůstane na aktuální stránce, pokud je zvoleno ""Ne""."
"Redirect Customer to Account Dashboard after Logging in","Přesměrovat na nástěnku účtu po přihlášení"
"Login Options","Možnosti přihlášení"
"Show Identification Number","Zobrazovat identifikační číslo"
"Show Gender","Zobrazovat pohlaví"
"Show Privacy","Zobrazovat Ochrana osobních údajů"
"Show Tax/VAT Number","Zobrazovat IČ/DIČ"
"Show Date of Birth","Zobrazovat datum narození"
"Suffix Dropdown Options","Možnosti titulů před jménem (select výběr)"
"Show Suffix","Zobrazovat titul za jménem"
"Always optional.","Vždy volitelné"
"Show Middle Name (initial)","Zobrazovat prostřední jméno, iniciály"
"Prefix Dropdown Options","Možnosti titulů před jménem (select výběr)"
"Show Prefix","Zobrazovat titul před jménem"
"Number of Lines in a Street Address","Počet řádků v políčku adresa(ulice)"
"Persistent Shopping Cart","Přetrvávající nákupní košík"
"Enable Persistence","Povolit uchovávaní"
"Share Options","Možnosti sdílení"
"My Wishlist Link","Odkaz můj seznam přání"
"Display Wishlist Summary","Zobrazit souhrn mých přání"
"Display number of items in wishlist","Zobrazit počet položek v seznamu mých přání"
"Send Order Comments Email Copy Method","Způsob odeslání emailu kopie s komentářem k objednávce"
"Send Invoice Email Copy Method","Způsob odeslání emailu kopie faktury"
"Send Invoice Comments Email Copy Method","Způsob odeslání emailu kopie s komentářem k faktuře"
"Send Shipment Email Copy Method","Způsob odeslání emailu kopie k odeslání"
"Send Shipment Comments Email Copy Method","Způsob odeslání emailu kopie s komentářem k odeslání"
"Send Credit Memo Email Copy Method","Způsob odeslání emailu kopie dobropisu"
"Send Credit Memo Comments Email Copy Method","Způsob odeslání emailu kopie s komentářem k dobropisu"
"Zebu Czech Invoice","Zebu - Česká faktura"
"Invoiced by","Vystaveno(kým)"
"Note","Poznámka"
"Stamp","Razítko"
"Stamp size","Velikost razítka"
"Example format: 200x200","Například formát: 200x200"
"Calculation Settings","Nastavení výpočtu"
"Tax Calculation Method Based On","Metoda výpočtu daně založena na:"
"Tax Calculation Based On","Výpočet daně založen na:"
"Catalog Prices","Katalogové ceny"
"Shipping Prices","Ceny dodání"
"Apply Customer Tax","Použít zákaznickou daň"
"Apply Discount On Prices","Použít slevu z ceny"
"Excluding Tax","Vyloučit daň"
"Include FPT In Subtotal","Zahrnout FPD v mezivýpočtu"
"Apply Tax To FPT","Použít daň u FPD"
"Apply Discounts To FPT","Použít slevu na FPD"
"Display Prices In Emails","Zobrazovat ceny v emailech"
"Display Prices In Sales Modules","Zobrazovat ceny v prodejních modulech"
"Display Prices On Product View Page","Zobrazovat ceny v detailu produktu"
"Display Prices In Product Lists","Zobrazovat ceny v seznamech produktů"
"Enable FPT","Povolit FPD"
"Fixed Product Taxes","Fixní produtková daň"
"Including FPT only","Zahrnout pouze FPD"
"Including FPT and FPT description","Zahrnout FPD a FPD popis"
"Excluding FPT, FPT description, final price","Vyloučit FPD, FPD popis, koncovou cenu"
"Excluding FPT","Vyloučit FPD"
"Whether catalog prices entered by admin include tax.","Ceny zadané adminem obsahují daň"
"Including tax.","Obsahují daň"
"Whether shipping amounts entered by admin or obtained from gateways include tax.","Ceny za přepravu zadané adminem obsahují daň"
"Apply discount on price including tax is calculated based on store tax, if ""Apply Tax after Discount"" is selected.","Použít daň na ceny, jejichž výpočet je založen na daňi dle nastavení store, pokud je vybráno ""Použít daň po slevě""."
"Before Discount","Před slevou"
"After Discount","Po slevě"
"Default Tax Destination Calculation","Výchozí daň - výpočet dle destinace"
"Price Display Settings","Ceny nastavení - zobrazení"
"Display Product Prices In Catalog","Zobrazovat ceny produktů v katalogu"
"Shopping Cart Display Settings","Nákupní košík - nastavení zobrazení"
"Display Prices","Zobrazovat ceny"
"Display Subtotal","Zobrazovat mezisoučet"
"Display Shipping Amount","Zobrazovat částku za přepravu"
"Include Tax In Grand Total","Zahrnout daň do celkového součtu"
"Display Full Tax Summary","Zobrazit celkovou daň v přehledu"
"Orders, Invoices, Creditmemos Display Settings","Objednávky, Faktury, Dobropisy - nastavení zobrazení"
"Street Address Line 2","Ulice řádek 2"
"Allow Shipping to Multiple Addresses","Umožnit odeslání na více adres"
"Maximum Qty Allowed for Shipping to Multiple Addresses","Maximální množství povolené pro odeslání do více adres"
"Payment Services","Platební služby"
"3D Secure Credit Card Validation","Ověření platebních karet 3D secure"
"Overrides API URL that may be specified by a payment method.","Přepíše API URL, které by mohlo být určeno platební metodou."
"Test Mode","Testovací mód"
"Debug Mode","Ladící mód"
"Enable Onepage Checkout","Povolit jednostránkovou platbu"
"Enable Terms and Conditions","Platební podmínky"
"After Adding a Product Redirect to Shopping Cart","Přesměrovat do košíku po přidání produktu"
"Grouped Product Image","Obrázek skupinového produktu"
"Configurable Product Image","Obrázek konfigurovatelného produktu"      
"Maximum Display Recently Added Item(s)","Poslední přidané položky - zobrazit maximálně"
"Send Payment Failed Email Copy To","Zaslat kopii emailu o selhání platby na"
"Separate by "","".","Odděleno "",""."
"Account Number","Číslo účtu"
"Google Website Optimizer","Google optimalizace stránek"
"Hide Cart Contents","Skrýt obsah košíku"
"Signup for Google Checkout","Přihlásit se do Google Checkout"
"Method Name","Název metody"
"Ship to Applicable Countries","Doručení do vhodné země"
"Ship to Specific Countries","Doručení do vybrané země"
"Interactivemap","Interaktivní mapa"
"Manage Slider","Správa slideru"