"""%s"" coupon code is not valid.","Kód kupónu ""%s"" nie je platný."
"%s","%s"
"%s / %s rate:","%s / %s sadzba:"
"%s for %s","%s pre %s"
"%s order(s) cannot be canceled","Objednávka číslo %s nemôže byť zrušená."
"%s order(s) have been canceled.","%s objednávka bola úspešne zrušená."
"%s order(s) have been put on hold.","%s objednávka bola úspešne podržaná."
"%s order(s) have been released from holding status.","Objednávok úspešne prevedených zo stavu pozdržané: %s."
"%s order(s) were not put on hold.","Objednávka číslo %s nemôže byť podržaná."
"%s order(s) were not released from holding status.","Objednávka číslo %s nemôže byť dokončená z pozdrženého stavu."
"* - Enter custom price excluding tax","* - Zadajte vlastnú cenu bez dane"
"* - Enter custom price including tax","* - Zadajte vlastnú cenu s daňou"
"-- Please Select --","-- Prosím, vyberte --"
"-- Please Select Billing Agreement--","-- Prosím, vyberte fakturačné podmienky(Billing Agreement) --"
"About This Order:","O objednávke:"
"About This Profile:","O tomto profile:"
"About Your Invoice","O Vašej faktúre"
"About Your Order","O Vašej objednávke"
"About Your Refund","O Vašom dobropisu"
"About Your Shipment","O Vašej zásielke"
"Accept Payment","Prijímať platby"
"Accept or Deny Payment","Prijať alebo zamedziť platby"
"Account Information","Informácie o účte"
"Action","Akcia"
"Actions","Akcie"
"Activate","Aktivovať"
"Active","Aktívne"
"Add","Pridať"
"Add New Address","Pridať novú adresu"
"Add Order Comments","Pridať poznámku k objednávke"
"Add Package","Vložiť set"
"Add Products","Pridať produkty"
"Add Selected Product(s) to Option","Pridať vybrané produkty do možností"
"Add Selected Product(s) to Order","Pridať vybrané produkty do objednávky"
"Add Selected Product(s) to Package","Pridať vybrané produkty do balíka"
"Add To Order","Pridať do objednávky"
"Add Tracking Number","Pridať číslo pre sledovanie zásielky"
"Add comment to order","Pridať komentár k objednávke"
"Add new comment to shipment","Pridať nový komentár k zásielke"
"Add new tracking number","Pridať číslo na sledovanie zásielky"
"Add to Cart","Vložiť do košíka"
"Additional Product Info","Ďalšie informácie o produkte"
"Address","Adresa"
"Address model is not defined.","Model adries nie je špecifikovaný."
"Adjustment Fee","Úprava poplatkov"
"Adjustment Refund","Upraviť splátku"
"Agreement Information","Informácie o dohode"
"Allow Reorder","Umožniť znovuobjednanie"
"Amount","Množstvo"
"Amount: %s.","Množstvo: %s."
"An error occurred while assigning order status. Status has not been assigned.","Nastala chyba počas priraďovania stavu objednávky. Stav objednávky nebol priradený"
"An error occurred while creating shipping label.","Nastala chyba počas vytvárania sprievodky."
"An error occurred while saving order status. The status has not been added.","Nastala chyba počas ukladanie stavu objednávky. Stav nebol pridaný."
"An error occurred while unassigning order status.","Nastala chyba počas odoberania stavu objednávky."
"An error occurred while updating the order address. The address has not been changed.","Nastala chyba počas aktualizácie adresy v objednávke. Adresa nebola zmenená."
"An item option with code %s already exists.","Tovar s týmto kódom (%s) už existuje."
"Anchor Custom Title",""
"Append Comments","Pridať komentáre"
"Apply","Použiť"
"Apply Coupon Code","Použiť kód kupónu"
"Approved the payment online.","Schválené platby on-line."
"Are you sure you want to accept this payment?","Ste si istý, že chcete prijať túto platbu?"
"Are you sure you want to cancel this order?","Ste si istý, že chcete zrušiť túto objednávku?"
"Are you sure you want to deny this payment?","Ste si istý, že chcete odmietnuť túto platbu?"
"Are you sure you want to do this?","Ste si istý?"
"Are you sure you want to send Creditmemo email to customer?","Ste si istý, že chcete zaslať email o dobropise zákazníkovi?"
"Are you sure you want to send Invoice email to customer?","Ste si istý, že chcete zaslať email o faktúre zákazníkovi?"
"Are you sure you want to send Shipment email to customer?","Ste si istý, že chcete poslať email o zásielke zákazníkovi?"
"Are you sure you want to send order email to customer?","Ste si istý, že chcete zaslať email o objednávke zákazníkovi?"
"Are you sure you want to void the payment?","Ste si istý, že chcete zrušiť platbu?"
"Are you sure?","Ste si istý?"
"Are you sure? This order will be canceled and a new one will be created instead","Ste si istý? Táto objednávka bude zrušená a namiesto nej bude vytvorená nová"
"Assign Order Status to State",""
"Assign Status to State",""
"Assignment Information","Informácie o dohode"
"At least a payment ID must be set.","Musia byť nastavené ID platby."
"Authorization","Autorizácia"
"Authorized amount of %s.","Povolené množstvo: %s."
"Authorizing amount of %s is pending approval on gateway.","Suma %s čaká na schválenie platobnou bránou."
"Back","Späť"
"Back to Billing Agreements","Späť na fakturačné podmienky"
"Back to My Orders","Späť k mojim objednávkam"
"Back to Recurring Profiles","Späť na Opakované profily(Recurring Profiles)"
"Backordered","Nevybavená objednávka"
"Bestsellers","Najpredávanejší"
"Bill to Name","Fakturované na meno"
"Billing","Faktúra"
"Billing Address","Fakturačná adresa"
"Billing Agreement","Fakturačná podmienka"
"Billing Agreement # %s","Fakturačná podmienka č. %s"
"Billing Agreement #%s","Fakturačná podmienka č.%s"
"Billing Agreement View","Zobrazenie fakturačnej podmienky"
"Billing Agreements","Fakturačné podmienky"
"Billing Last Name",""
"Billing ZIP Code",""
"Buy %s for price %s","Kúpiť %s za cenu %s"
"CSV","CSV"
"Cancel","Zrušiť"
"Cancel invoice","Storno faktúry"
"Cancel order","Zrušiť objednávku"
"Canceled","Zrušené"
"Canceled order offline.","Offline zrušená objednávka."
"Canceled order online.","Online zrušená objednávka."
"Cannot add order history.","Nie je možné pridať históriu objednávky."
"Cannot create an empty shipment.","Nie je možné vyrobiť prázdnu zásielku."
"Cannot determine the field name.","Nie je možné určiť názov poľa."
"Cannot do invoice for order.","K objednávke Nie je možné vytvoriť faktúru."
"Cannot do shipment for order.","Nie je možné vyrobiť dodací list pre objednávku."
"Cannot get order instance","Nie je možné získať inštancie objednávky"
"Cannot get the order instance.","Nie je možné získať inštancie objednávky."
"Cannot register an existing credit memo.","Nie je možné zaregistrovať existujúci dobropis."
"Cannot register existing invoice","Nie je možné zaregistrovať existujúcu faktúru"
"Cannot register existing shipment","Nie je možné zaregistrovať existujúce zásielku"
"Capture","Zachytiť"
"Capture Amount","Zachytiť množstvo"
"Capture Offline","Zachytiť Offline"
"Capture Online","Zachytiť Online"
"Capture invoice","Zachytiť faktúru"
"Captured amount of %s online.","achytené množstvo %s on-line."
"Capturing amount of %s is pending approval on gateway.","Zachytenie množstva %s čaká na schválenie na bránu."
"Carrier","Prepravca"
"Carrier/Method","Prepravca/Spôsob"
"Change status, add comments","Zmeniť stav, pridať komentár"
"Changing address information will not recalculate shipping, tax or other order amount.",""
"Checkout Totals Sort Order","Radenie celkového súčtu"
"City","Mesto"
"Click to change shipping method","Kliknite na zmenu spôsobu dopravy"
"Close","Zavrieť"
"Closed","Zatvorené"
"Comma-separated.","Oddelené čiarkou."
"Comment","Komentár"
"Comment Text","Text komentára"
"Comments","Komentáre"
"Comments History","História komentárov"
"Company","Firma"
"Complete","Dokončené"
"Configure","Nastavenia"
"Configure and Add to Order",""
"Contents","Komentáre"
"Continue","Pokračovať"
"Country","Krajina"
"Coupons","Kupóny"
"Create","Vytvoriť"
"Create New Customer","Vytvoriť nového zákazníka"
"Create New Order","Vytvoriť novú objednávku"
"Create New Order Status","Vytvoriť novy stav objednávky"
"Create New Order for %s","Vytvoriť novú objednávku pre %s"
"Create New Order for %s in %s","Vytvoriť novú objednávku pre %s v %s"
"Create New Order for New Customer","Vytvoriť novú objednávku pre nového zákazníka"
"Create New Order for New Customer in %s","Vytvoriť novú objednávku pre nového zákazníka v %s"
"Create New Status",""
"Create Packages",""
"Create Shipment","Vytvoriť zásielku"
"Create Shipping Label",""
"Create Shipping Label...",""
"Create new invoice for order","Vytvoriť novú faktúru pre objednávku"
"Create new shipment for order","Vytvoriť novú zásielku pre objednávku"
"Create...","Vytvoriť..."
"Created At","Vytvorené v"
"Created billing agreement #%s.","Vytvorené platobná podmienka č.%s."
"Created:","Vytvorené:"
"Credit Memo","Dobropis"
"Credit Memo #","Dobropis č."
"Credit Memo # ","Dobropis č. "
"Credit Memo #%1$s | %3$s | %2$s (%4$s)","Dobropis #%1$s | %3$s | %2$s (%4$s)"
"Credit Memo Comment Email Sender","E-mail odosielateľa komentára k dobropisu"
"Credit Memo Comment Email Template","Šablóna emailu komentára k dobropisu"
"Credit Memo Comment Email Template for Guest","Šablóna emailu komentára k dobropisu pre návštevníkov"
"Credit Memo Comments","Komentáre k dobropisu"
"Credit Memo Email Sender","E-mail odosielateľa dobropisu"
"Credit Memo Email Template","Šablóna emailu dobropisu"
"Credit Memo Email Template for Guest","Šablóna emailu dobropisu pre návštevníkov"
"Credit Memo Update","Aktualizácia dobropisu"
"Credit Memo Update for Guest","Aktualizácia dobropisu pre návštevníkov"
"Credit Memos","Dobropisy"
"Credit memo has been created automatically",""
"Creditmemo","Dobropis"
"Custom Price","Vlastná cena"
"Custom Value","Uživatelská hodnota"
"Customer","Zákazník"
"Customer Can Define Start Date","Zákazník smie definovať počiatočný dátum"
"Customer Email","Email zákazníka"
"Customer Group","Zákaznícka skupina"
"Customer Last Name","Priezvisko zákazníka"
"Customer My Account Order Creditmemo View","Zobraziť dobropisy"
"Customer My Account Order History","História objednávok"
"Customer My Account Order Invoice View","Zobrazenie faktúr"
"Customer My Account Order Shipment View","Zobrazenie zásielok"
"Customer My Account Order View","Zobrazenie objednávok"
"Customer Name","Meno zákazníka"
"Customer's Current Activities","Súčasné aktivity zákazníka"
"Customs Value","Uživatelská hodnota"
"Date","Dátum"
"Date Shipped","Dátum odoslania"
"Default Status",""
"Default Template",""
"Default logo, will be used in PDF and HTML documents.<br />(jpeg, tiff, png)","Predvolené logo, bude použité v PDF a HTML dokumentoch. <br />(Jpeg, tiff, png)"
"Delete","Zmazať"
"Delete Package",""
"Denied the payment online.","Odmietnuté platby online."
"Deny Payment","Odmietnúť platbu"
"Description Message","Poznámka"
"Discount","Zľava"
"Discount (%s)","Zľava (%s)"
"Discount Amount","Výška zľavy"
"Display Order ID in Header","Zobraziť ID objednávky v hlavičke"
"Edit","Upraviť"
"Edit Order","Upraviť objednávku"
"Edit Order #%s","Upraviť objednávku č.%s"
"Edit Order %s %s Address",""
"Edit Order Status",""
"Email","E-mail"
"Email Address","Emailová adresa"
"Email Copy of Credit Memo","Poslať kópiu dobropisu na email"
"Email Copy of Invoice","Poslať kópiu faktúry na email"
"Email Copy of Shipment","Poslať kópiu zásielky na email"
"Email Order Confirmation","Poslať potvrdenie objednávky na email"
"Enable","Povoliť"
"Enabled","Povolené"
"Enter the billing last name and email/ZIP as in the order billing address",""
"Entered data is incorrect. Please try again.","Vložené údaje sú chybné. Skúste to znovu."
"Error to Show in Shopping Cart","Chyby zobrazené v nákupnom košíku"
"Excel XML","Excel XML"
"Excl. Tax","Bez dane"
"Expired","Vyprší"
"Explanation","Vysvetlenie"
"Failed to cancel the billing agreement.","Nepodarilo sa zrušiť platobné podmienky."
"Failed to create billing agreement for this order.","Nepodarilo sa vytvoriť platobné podmienky k tejto objednávke."
"Failed to finish billing agreement wizard.","Nepodarilo sa dokončiť platobné podmienky sprievodcom."
"Failed to send the order email.","Objednávkový email sa nepodarilo odoslať."
"Failed to start billing agreement wizard.","Nepodarilo sa spustiť platobné podmienky sprievodcom."
"Failed to update the payment.","Nepodarilo sa aktualizovať platbu."
"Failed to update the profile.","Nepodarilo sa aktualizovať profil."
"Failed to void the payment.","Platbu se nepodarilo zrušit."
"Fetch","Vyzdvihnúť"
"File extension not known or unsupported type in the following shipment: %s",""
"Find Order By:",""
"First Name","Meno"
"From","Od"
"From Name","Od mena"
"From:","Od:"
"G.T. (Base)","Celkový súčet (základ)"
"G.T. (Purchased)","Celkový súčet (zakúpený)"
"General Information","Všeobecné informácie"
"Get Payment Update","Získať aktualizáciu platby"
"Get Update","Získať aktualizáciu"
"Get shipping methods and rates","Získať spôsoby dopravy a poplatky"
"Gift Message","Darčekový odkaz"
"Gift Message for This Order","Darčekový odkaz k tejto objednávke"
"Gift Message for the Entire Order","Darčekový odkaz priložený k objednávke"
"Gift Message for this Order","Darčekový odkaz k tejto objednávke"
"Gift Options",""
"Girth",""
"Grand Total","Celkom spolu"
"Grand Total to be Charged","Celkovo účtovaný súčet"
"Guest","Hosť"
"Height","Výška"
"Hold","Podržať"
"Hold action is not available.","Akcia podržať nie je dostupná."
"Hold order","Podržať objednávku"
"ID","ID"
"ID #","ID č."
"IPN ""Refunded"". Refund issued by merchant. Registered notification about refunded amount of %s. Transaction ID: ""%s""",""
"If empty, the default description above will be used.","Ak je prázdne, použije sa predvolený popis."
"If empty, the default error above will be used.","Ak je prázdne, použije sa predvolené chyba."
"If the invoice was created offline, try creating an offline creditmemo.","Ak bola faktúra vytvorená offline, pokúste sa vytvoriť offline dobropis."
"Incl. Tax","S daňou"
"Information","Informácie"
"Initial Fee","Počiatočný poplatok"
"Initial Fees","Počiatočné poplatoky"
"Initial period payment","Počiatočné obdobie platby"
"Insufficient information to create shipping label(s). Please verify your Store Information and Shipping Settings.",""
"Invalid block: %s.","Chybný blok: %s."
"Invalid carrier specified.","Vybraný chybný prepravca."
"Invalid draw line data. Please define ""lines"" array.","Chybné dáta draw line. Prosím definujte pole ""lines""."
"Invalid entity model",""
"Invalid item option format.","Chybný formát položky."
"Invalid qty to invoice item ""%s""","Chybné množstvo položky ""%s"" vo faktúre"
"Invalid qty to refund item ""%s""","Neplatné množstvo položky ""%s"""
"Invalid qty to ship for item ""%s""","Neplatné množstvo pre doručenie položky ""%s"""
"Invalid renderer model","Neplatný vykresľovací model"
"Invalid request for adding product to quote.","Chybná požiadavka množstva pre pridávaný produkt."
"Invoice","Faktúra"
"Invoice #","Faktúra č."
"Invoice # ","Faktúra č. "
"Invoice #%1$s | %2$s | %4$s (%3$s)","Faktúra č.%1$s | %2$s | %4$s (%3$s)"
"Invoice #%s","Faktúra č.%s"
"Invoice Comment Email Sender","Email odosielateľa komentáru k faktúre"
"Invoice Comment Email Template","Šablóna emailu komentáru faktúry"
"Invoice Comment Email Template for Guest","Šablóna emailu komentáru faktúry pre hostí"
"Invoice Comments","Poznámky k faktúre"
"Invoice Date","Dátum faktúry"
"Invoice Email Sender","Odosielateľ faktúry"
"Invoice Email Template","Šablóna emailu faktúry"
"Invoice Email Template for Guest","Šablóna emailu faktúry pre hostí"
"Invoice Update","Aktualizácia faktúry"
"Invoice Update for Guest","Aktualizácia faktúry pre hostí"
"Invoice and Packing Slip Design","Logo a adresa odosielateľa"
"Invoice and Ship","Faktúra a zásielka"
"Invoice canceling problem.","Chyba pri rušení faktúry."
"Invoice cannot be canceled.","Faktúra nemôže byť zrušená."
"Invoice cannot be captured.","Faktúra nemôže byť zachytená."
"Invoice cannot be voided.","Faktúra nemôže byť zrušená."
"Invoice capturing problem.","Chyba pri zachytávaní faktúry."
"Invoice void problem","Problém nulovej faktúry"
"Invoice will be created without communication with payment gateway.","Faktúra bude vytvorená bez komunikácie s platobnou bránou."
"Invoiced","Vyfaktúrované"
"Invoices","Faktúry"
"Is Closed","Uzavretá?"
"Item","Položka"
"Item Status","Stav položky"
"Item object is not specified.","Objekt položky nie je špecifikovaný."
"Item options declaration error.","Možnosti položky vyhlásiť chybu."
"Item ordered qty","Objednaných položiek"
"Item qty declaration error.","Zvolené chybné množstvo."
"Items","Položky"
"Items Invoiced","Fakturované položky"
"Items Ordered","Objednané položky"
"Items Refunded","Vrátené položky"
"Items Shipped","Odoslané položky"
"Items in the Package",""
"Items maximum quantity or price do not allow checkout.","Maximálne množstvo položiek alebo ceny - neumožňuje pokladňa."
"Items options declaration error.","Možnosti položky vyhlásiť chybu."
"Items to Refund","Položky na vrátenie"
"Items to Ship","Položky k doručeniu"
"Key","Klúč"
"Last Name","Priezvisko"
"Last Ordered Items","Posledné objednané položky"
"Last status can't be unassigned from state.",""
"Length","Dĺžka"
"Link to the New Order","Odkaz na novú objednávku"
"Link to the Previous Order","Odkaz na predchádzajúcu objednávku"
"Logo for HTML Print View","Logo pre HTML tlačové náhľady"
"Logo for HTML documents only. If empty, default will be used.<br />(jpeg, gif, png)","Logo len pre HTML dokumenty. Ak ponecháte prázdne, použije sa predvolené logo.<br />(jpeg, gif, png)"
"Logo for PDF Print-outs (200x50)","Logo pre PDF tlačové výstupy (200x50)"
"Make Check payable to:",""
"Manage","Spravovať"
"Maximum shipping amount allowed to refund is: %s","Maximálne prepravné množstvo umožňujúce vrátenie je: %s"
"Message","Správa"
"Message:","Správa:"
"Minimum Amount","Minimálne množstvo"
"Minimum Order Amount","Minimálne objednané množstvo"
"Mixed","Zmiešané"
"Move to Shopping Cart","Presunúť do košíka"
"Move to Wishlist","Presunúť do zoznamu prianí"
"Multi-address Description Message","Popis pre doručenie na viac adries"
"Multi-address Error to Show in Shopping Cart","Ukázať v košíku chybu viac adries"
"My Orders","Moje objednávky"
"My Orders - Details","Moje objednávky - Detaily"
"N/A","N/A"
"Name","Meno"
"New","Nový"
"New Billing Agreement","Nové platobné podmienky"
"New Credit Memo","Nový dobropis"
"New Credit Memo for Guest","Nový dobropis pre hosťa"
"New Invoice","Nová faktúra"
"New Invoice and Shipment for Order #%s","Nová faktúra a zásielka pre objednávku číslo: %s"
"New Invoice for Guest","Nová faktúra pre hostí"
"New Invoice for Order #%s","Nová faktúra pre objednávku číslo: %s"
"New Order","Nová objednávka"
"New Order Confirmation Email Sender","Odosielateľ e-mailu potvrdenia novej objednávky"
"New Order Confirmation Template","Šablóna potvrdenia novej objednávky"
"New Order Confirmation Template for Guest","Nová šablóna potvrdenia objednávky pre hostí"
"New Order RSS","RSS nových objednávok"
"New Order Status","Nový stav objednávky"
"New Order for Guest","Nová objednávka pre hostí"
"New Shipment","Nová zásielka"
"New Shipment for Guest","Nová zásielka pre hostí"
"New Shipment for Order #%s","Nová zásielka pre objednávku číslo: %s"
"Newsletter Subscription","Odber spravodaju"
"No","Nie"
"No Items","Žiadne položky"
"No Items To Refund","Žiadne položky k vráteniu"
"No Payment Methods","Žiadne spôsoby platby"
"No detail for number ""%s""","Žiadne detaily pre číslo ""%s"""
"No information available.","Žiadne dostupné informácie."
"No items","Žiadne položky"
"No order(s) were put on hold.","Žiadne objednávky neboli podržané."
"No order(s) were released from holding status.","Žiadne objednávky dokončené zo stavu podržané."
"No ordered items","Žiadne objednané položky"
"No shipping information available","Nie sú dostupné informácie o doručení"
"Nominal Items","Nominálne položky"
"Nominal item can be purchased standalone only. To proceed please remove other items from the quote.","Nominálna položky je možné zakúpiť len samostatne. Ak chcete pokračovať, prosím odobrať ďalšie položky z citácie."
"Nominal order registered.","Nominálna objednávka registrovaná."
"Not Capture","Nezachytené"
"Not Initialized","Neinicializované"
"Not Notified","Neoznámené"
"Not enough valid data to save the parent transaction ID.","Neplatné údaje pre uloženie nadradenej transakcie."
"Notification Not Applicable","Upozornenie nie je použiteľné"
"Notified","Oznámené"
"Notify Customer by Email","Upozorniť zákazníka emailom"
"Number","Číslo"
"Number of Invoiced Orders","Počet fakturovaných objednávok"
"Number of Orders","Počet objednávok"
"Number of Refunded Orders","Počet refundovaných(vrátených) objednávok"
"OK","OK"
"Offline Refunded","Offline vrátené"
"On Hold","Na podržanie"
"Online Refunded","Online vrátené"
"Order","Objednávka"
"Order #","Objednávka č."
"Order # ","Objednávka č. "
"Order # %s","Objednávka č. %s"
"Order # %s %s | %s","Objednávka č. %s %s | %s"
"Order #%s","Objednávka č. %s"
"Order #%s - %s","Objednávka č. %s - %s"
"Order API","API objednávky"
"Order Address Information",""
"Order Comment","Komentár k objednávke"
"Order Comment Email Sender","Email odosielateľa komentára k objednávke"
"Order Comment Email Template","Šablóna emailu komentára objednávky"
"Order Comment Email Template for Guest","Šablóna emailu komentára objednávky pre hostí"
"Order Comments","Komentár k objednávke"
"Order Credit Memos","Dobropisy objednávky"
"Order Currency:","Mena objednávky:"
"Order Date","Dátum objednávky"
"Order Date (%s)","Dátum objednávky (%s)"
"Order Date: ","Dátum objednávky: "
"Order Date: %s","Dátum objednávky: %s"
"Order Details","Detaily objednávky"
"Order Grand Total","Objednávka celkom"
"Order History","História objednávky"
"Order History Info",""
"Order ID","ID objednávky"
"Order Information","Informácie o objednávke"
"Order Invoices","Faktúry objednávky"
"Order Shipments","Zásielky objednávky"
"Order State","Stav objednávky"
"Order Status","Stav objednávky"
"Order Status Information",""
"Order Statuses","Stav objednávky"
"Order Subtotal","Medzisúčet objednávky"
"Order Taxes Report Grouped by Tax Rates","Report daní objednávky - zoskupené podľa sadzby dane"
"Order Total","Objednávka celkom"
"Order Totals","Objednávka celkom"
"Order Update","Aktualizácia objednávky"
"Order Update for Guest","Aktualizácia objednávky pre hosťa"
"Order View","Zobraziť objednávku"
"Order does not allow to be canceled.","Objednávka nemá možnosť byť zrušená."
"Order invoice","Faktúra objednávky"
"Order is suspended as its capture amount %s is suspected to be fraudulent.",""
"Order object is not specified.","Objekt objednávky nie je špecifikovaný."
"Order saving error: %s","Chyba pri uložení objednávky: %s"
"Order shipments","Zásielky objednávky"
"Order status does not exist.",""
"Order status with the same status code already exist.",""
"Order was placed using %s","Objednávka bola umiestnená s použitím %s"
"Ordered","Objednané"
"Ordered amount of %s.",""
"Ordering amount of %s is pending approval on gateway.","Zachytenie množstva %s čaká na schválenie na bránu."
"Orders","Objednávky"
"Orders and Returns",""
"Orders and Returns Search Form",""
"Original Price","Pôvodná cena"
"Original order item that recurring payment profile correspondss to.","Pôvodná položka objednávky, ktorá zodpovedá profilu opakujúcej platby."
"PDF Credit Memos","PDF Dobropis"
"PDF Invoices","PDF Faktúry"
"PDF Packingslips","PDF sprievodka"
"PDF Print-outs","PDF výstup"
"PDF object is not specified.","PDF objekt nie je špecifikovaný."
"PDF page object is not specified.","Stránka PDF nie je špecifikovaná."
"PDF total model should extend Mage_Sales_Model_Order_Pdf_Total_Default","Pdf total model by mal rozširovať Mage_Sales_Model_Order_Pdf_Total_Default"
"Package",""
"Packages",""
"Packingslip # ","Sprievodka č. "
"Paid","Zaplatené"
"Paid Amount","Zaplatené množstvo"
"Parent Transaction ID","Nadradené ID transakcie"
"Parent transaction ID must have a transaction ID.","Nadradené ID transakcie musí mať ID transakcie."
"Partial","Čiastočne"
"Payment Failed","Platba zlyhala"
"Payment Information","Informácie o platbe"
"Payment Method","Spôsob platby"
"Payment Method Name","Názov spôsobu platby"
"Payment Method:","Spôsob platby:"
"Payment Review","Platba recenzie"
"Payment disallow storing objects.","Platba zakazuje ukladanie objektov."
"Payment transactions disallow storing objects.","Platobná transakcia nepovoľuje ukladanie objektov."
"Payment type","Typ platby"
"Payment update has been made.","Aktualizácia platby bola vykonaná."
"Pending","Čakajúce"
"Pending Payment","Čekajúca platba"
"Period","Obdobie"
"Place Order Using Billing Agreements","Miesto objednávky používa platobné podmienky"
"Placed from IP","Zadaná z IP"
"Please Select Products to Add","Vyberte produkt na pridanie"
"Please Select a Customer","Vyberte zákazníka"
"Please Select a Store","Vyberte obchod"
"Please define PDF object before using.","Prosím definujte PDF objekt pred jeho použitím."
"Please enter positive number in this field.","Prosím vložte kladné číslo do tohto poľa."
"Please specify a valid grid column alias name that exists in grid table.","Uveďte názov aliasu platnej mriežky stĺpca, ktorý existuje v mriežke tabuľky."
"Price","Cena"
"Print","Vytlačiť"
"Print All","Vytlačiť všetko"
"Print All Invoices","Vytlačiť všetky faktúry"
"Print All Refunds","Vytlačiť všetky úhrady(refundácie)"
"Print All Shipments","Vytlačiť všetky zásielky"
"Print Credit Memos","Vytlačiť dobropisy"
"Print Invoice","Vytlačiť faktúru"
"Print Invoices","Vytlačiť faktúry"
"Print Order","Vtlačiť objednávku"
"Print Order # %s","Vtlačiť objednávku č. %s"
"Print Packingslips","Vytlačiť poštové sprievodky"
"Print Refund","Vytlačiť úhradu"
"Print Shipment","Vytlačiť zásielku"
"Print Shipping Label",""
"Print Shipping Labels",""
"Processing","Spracováva sa"
"Product","Produkt"
"Product Name","Názvo produktu"
"Products","Produkty"
"Products Bestsellers Report","Report najpredávanejších produktov"
"Products in Comparison List","produkty v zozname na porovnávanie"
"Products should be added to package(s)",""
"Profile #%s","Profil #%s"
"Profile Information","Informácie o profile"
"Profile State","Stav profilu"
"Profit","Zisk"
"Promotion Coupons Usage Report","Propagácia kupónov - Správa o využití"
"Proper payment object must be set.","Platobný objekt musí byť nastavený."
"Purchase Order Number:",""
"Purchased From","Kúpené od"
"Purchased From (Store)","Kúpené od (Obchod)"
"Purchased Item","Objednaná položka"
"Purchased On","Zakúpené na"
"Qty","Množstvo"
"Qty Invoiced","Vyfaktúrované mnzožstvo"
"Qty Ordered","Objednané množstvo"
"Qty Shipped","Odoslané množstvo"
"Qty To Add","Množstvo na pridanie"
"Qty to Add","Množstvo na pridanie"
"Qty to Invoice","Množstvo k fakturácii"
"Qty to Refund","Množstvo na vrátenie peňazí"
"Qty to Ship","Množstvo položiek k doručeniu"
"Quantity Ordered","Objednané množstvo"
"Quote item id is not received.",""
"Quote item is not loaded.",""
"Rate","Sadzba"
"Recent Orders","Posledné objednávky"
"Recently Compared Products","Nedávno porovnávané produkty"
"Recently Viewed","Naposledny videné"
"Recently Viewed Products","Naposledny videné produkty"
"Recurring Profile # %s","Opakujúci profil # %s"
"Recurring Profile Initial Fee","Opakujúci profil počiatočný poplatok"
"Recurring Profiles","Opakujúce profily"
"Recurring Profiles (beta)","Opakujúce profily (beta)"
"Reference ID","Referenčné ID"
"Reference ID:","Referenčné ID:"
"Refresh","Obnoviť"
"Refund","Úhrada"
"Refund #","Refund č."
"Refund #%s","Refund č. %s"
"Refund Amount","Množstvo úhrady"
"Refund Offline","Offline úhrady"
"Refund Shipping","Náhrada prepravy"
"Refund Shipping (Excl. Tax)","Náhrada prepravy (bez dane)"
"Refund Shipping (Incl. Tax)","Náhrada prepravy (s daňou)"
"Refund Totals","Úhrada celkom"
"Refunded","Uhradené"
"Refunded amount of %s offline.","Offline vrátené množstvo od: %s."
"Refunded amount of %s online.","Online vrátené množstvo od: %s."
"Refunds","Úhrady"
"Registered a Void notification.","Upozornenie na registrované a zrušené."
"Registered notification about approved payment.","Zaznamenané oznámenie o schválenej platbe."
"Registered notification about captured amount of %s.","Zaznamenané oznámenie o prijatej sume %s."
"Registered notification about denied payment.","Zaznamenané oznámenie o odmietnutej platbe."
"Registered notification about refunded amount of %s.","Zaznamenané oznámenia o vrátenej sume %s."
"Registered update about approved payment.","Zaznamenaná aktualizácia o schválenej platbe."
"Registered update about denied payment.","Zaznamenaná aktualizácia o schválenej platbe."
"Regular Payment","Pravidelné platby"
"Related Orders","Súvisiace objednávky"
"Remove","Odstrániť"
"Remove Coupon Code","Odstrániť kód kupónu"
"Remove tracking number","Odstrániť sledovacie číslo"
"Reorder","Znovu objednať"
"Retrieve invoice info","Načítať informácie o faktúre"
"Retrieve invoice information","Načítať informácie o faktúre"
"Retrieve list of invoices by filters","Získať filtrovaný zoznam faktúr"
"Retrieve list of orders by filters","Získať filtrovaný zoznam objednávok"
"Retrieve list of shipments by filters","Získať filtrovaný zoznam zásielok"
"Retrieve order information","Získať informácie o objednávke"
"Retrieve orders info","Získať informácie o objednávke"
"Retrieve shipment info","Získať informácie o zásielke"
"Retrieve shipment information","Získať informácie o zásielke"
"Return to Stock","Vrátiť na sklad"
"Returned","Vrátené"
"Returns","Vrátené"
"Revenue","Príjmy"
"Row Subtotal","Riadok Medzisúčet"
"Row Total","Riadok celkom"
"SHIP TO:","ODOSLAŤ NA:"
"Ship to:","Odoslať na:"
"SKU","Kód - SKU"
"SOLD TO:","PREDAŤ:"
"Sold to:","Kupujúci:"
"Sales","Predaje"
"Sales Discount","Obchodné zľavy"
"Sales Emails","Obchodné e-maily"
"Sales Emails Section","Sekcia - Obchodné e-maily"
"Sales Invoice Print View","Zobrazenie faktúry pre tlač"
"Sales Items","Obchodné položky"
"Sales Order Print View","Zobraziť objednávky pre tlač"
"Sales Section","Obchodná sekcia"
"Sales Shipment Print View","Zobrazenie zásielky pre tlač"
"Sales Shipping","Obchodná preprava"
"Sales Tax","Daň z obratu"
"Sales Total","Predaj celkom"
"Same As Billing Address","Rovnaká ako fakturačná adresa"
"Save Order Address",""
"Save Status",""
"Save Status Assignment",""
"Save in address book","Uložiť v adresári"
"Schedule","Plán"
"Select",""
"Select All",""
"Select from existing customer addresses:","Vybrať z existujúcich zákazníckych adries:"
"Send Credit Memo Comment Email Copy To","Poslať kópiu komentára dobropisu na email"
"Send Credit Memo Comments Email Copy Method","Poslať kópiu komentára dobropisu na email"
"Send Credit Memo Email Copy Method","Poslať kópiu dobropisu na email"
"Send Credit Memo Email Copy To","Poslať kópiu dobropisu na email"
"Send Email","Odoslať email"
"Send Invoice Comment Email Copy To","Poslať kópiu komentára k faktúre na email"
"Send Invoice Comments Email Copy Method","Poslať kópiu komentára k faktúre na email"
"Send Invoice Email Copy Method","Poslať kópiu faktúry na email"
"Send Invoice Email Copy To","Poslať kópiu faktúry na email"
"Send Order Comment Email Copy To","Poslať kópiu komentára objednávky na email"
"Send Order Comments Email Copy Method","Poslať kópiu komentára objednávky na email"
"Send Order Email",""
"Send Order Email Copy Method","Poslať kópiu objednávky ako"
"Send Order Email Copy To","Poslať kópiu objednávky na email"
"Send Sales Emails","Odoslať obchodné emaily"
"Send Shipment Comment Email Copy To","Poslať kópiu komentára zásielky na email"
"Send Shipment Comments Email Copy Method","Poslať kópiu komentára zásielky na email"
"Send Shipment Email Copy Method","Poslať kópiu zásielky na email"
"Send Shipment Email Copy To","Poslať kópiu zásielky na email"
"Send Tracking Information","Poslať sledovacie informácie"
"Set order for existing transactions not allowed","Nastaviť objednávky, aby pre existujúce transakcie neboli povolené"
"Ship","Odoslať"
"Ship To","Odoslať na"
"Ship to Name","Odoslať na meno"
"Shipment","Zásielka"
"Shipment #","Zásielka č."
"Shipment #%1$s | %3$s (%2$s)","Zásielka č. %1$s | %3$s (%2$s)"
"Shipment #%s","Zásielka č. %s"
"Shipment Comment Email Sender","Odosielateľ e-mailu komentáru k zásielke"
"Shipment Comment Email Template","Šablóna emailu komentára k zásielke"
"Shipment Comment Email Template for Guest","Šablóna emailu komentára k zásielke pre hosťa"
"Shipment Comments","Komentáre k zásielke"
"Shipment Email Sender","Odosielateľ zásielkového emailu"
"Shipment Email Template","Šablóna emailu zásielky"
"Shipment Email Template for Guest","Šablóna emailu zásielky pre hosťa"
"Shipment Update","Aktualizácia zásielky"
"Shipment Update for Guest","Aktualizácia zásielky pre hosťa"
"Shipments","Zásielky"
"Shipped","Odoslané"
"Shipped By","Odoslané cez"
"Shipping","Preprava"
"Shipping & Handling","Poštovné a balné"
"Shipping &amp; Handling","Poštovné a balné"
"Shipping &amp; Handling Information","Informácie o poštovnom a balnom"
"Shipping Address","Dodacia adresa"
"Shipping Amount","Množstvo na odoslanie"
"Shipping Information","Informácie o preprave"
"Shipping Method","Spôsob prepravy"
"Shipping Method:","Spôsob prepravy:"
"Shipping Refund","Úhrada prepravy"
"Shipping and Tracking Information","Informácie a sledovaní zásielky"
"Shopping Cart","Nákupny košík"
"Show Packages",""
"Signature Confirmation",""
"Signed Up From","Prihlásený od"
"Size",""
"Sku","Kód - Sku"
"Some of the products below do not have all the required options. Please edit them and configure all the required options.","Niektorý z nasledujúcich produktov neobsahuje všetky požadované vlastnosti. Prosím odstráňte ho a pridajte znovu so všetkými požadovanými parametrami."
"Sorry, no quotes are available for this order at this time.","Ľutujeme, pre túto objednávku teraz nie sú k dispozícii žiadne ponuky."
"Source object is not specified.","Zdrojový objekt nie je špecifikovaný."
"Specified profile does not exist.","Špecifikovaný profil neexistuje."
"State Code [State Title]",""
"State/Province","Štát/Kraj"
"Status","Stav"
"Status Code",""
"Status Label",""
"Status:","Stav:"
"Store Credit","Signatúra obchodu"
"Store View Specific Labels",""
"Street Address",""
"Submit Comment","Odoslať komentár"
"Submit Credit Memo","Odoslať dobropis"
"Submit Invoice",""
"Submit Invoice and Shipment",""
"Submit Order","Odoslať objednávku"
"Submit Shipment","Odoslať zásielku"
"Subscribe to Newsletter","Odoberať spravodaj"
"Subscribe to Order Status","Odoberať stav objednávky"
"Subtotal","Medzisúčet"
"Subtotal after discount.","Medzisúčet po zľave."
"Subtotal:","Medzisúčet:"
"Suspected Fraud","Podozrenie z podvodu"
"Suspend","Pozastaviť"
"Suspended","Pozastavené"
"Tax","Daň"
"Tax Amount","Výška dane"
"Tax Percent","Daň v percentách"
"Telephone","Telefón"
"The Order State ""%s"" must not be set manually.","Stav objednávky ""%s"" nesmie byť nastavený ručne."
"The address total model should be extended from Mage_Sales_Model_Quote_Address_Total_Abstract.","Adress total model by mal byť rozšírený z Mage_Sales_Model_Quote_Address_Total_Abstract."
"The billing agreement ""%s"" has been canceled.","Fakturačná dohoda ""%s"" bola zrušená."
"The billing agreement ""%s"" has been created.","Fakturačná dohoda ""%s"" bola vytvorená."
"The coupon code has been accepted.","Kód kupónu akceptovaný."
"The message has been sent.","Správa bola odoslaná."
"The message was sent.","Správa bola odoslaná."
"The order address has been updated.",""
"The order email has been sent.","Email s objednávkou bol odoslaný."
"The order has been cancelled.","Objednávka bola zrušená."
"The order has been created.","Objednávka bola vytvorená."
"The order has been put on hold.","Objednávka bola podržaná."
"The order has been released from holding status.","Objednávka bola vybavená zo stavu odložená."
"The order has not been cancelled.","Objednávka nebola zrušená."
"The order status has been assigned.",""
"The order status has been saved.",""
"The order status has been unassigned.",""
"The order was not put on hold.","Objednávka nemôže byť podržaná."
"The order was not unheld.","Objednávka nebola odblokovaná."
"The order was placed using %s","Objednávka bola umiestnený pomocou %s"
"The order(s) cannot be canceled","Objednávka nemôže byť zrušená"
"The payment has been accepted.","Platba bola prijatá."
"The payment has been denied.","Platba bola odmietnutá."
"The payment has been voided.","Platba bola zrušená."
"The profile has been updated.","Profil bol aktualizovaný."
"The profile has no changes.","Profil je nezmenený"
"The profile state has been updated.","Stav profilu bol aktualizovaný."
"The quantity you want to add exceeds the total shipped quantity for some of selected Product(s)",""
"The requested Payment Method is not available.","Požadovaná platobná metóda nie je povolená."
"The shipping label has been created.",""
"The transaction ""%s"" (%s) is already closed.","Transakcia ""%s"" (%s) je už uzavretá."
"The transaction ""%s"" cannot be captured yet.","Transakcia ""%s"" nemôže byť zachytená zatiaľ."
"The value that you entered is not valid.",""
"There are no billing agreements yet.","Nie sú žiadne fakturačné dohody zatiaľ."
"There are no printable documents related to selected orders.","Žiadne dokumenty na vytlačenie pre vybrané objednávky."
"There are no shipping labels related to selected %s.",""
"There is no need to approve this payment.","Nie je potrebné schváliť túto platbu."
"There is no need to deny this payment.","Nie je potrebné zakázať túto platbu."
"There is no update for the payment.","Neexistuje žiadna aktualizácia pre platbu."
"This message will be shown in shopping cart when subtotal after discount less than minimum amount.","Táto správa sa zobrazí v nákupnom košíku ak medzisúčet po zľave bude nižší ako minimálna suma."
"This operation requires an existing transaction object.","Táto operácia vyžaduje existujúci transakčný objekt."
"This order contains (%s) items and therefore cannot be edited through the admin interface at this time, if you wish to continue editing the (%s) items will be removed, the order will be canceled and a new order will be placed.","Táto objednávka obsahuje položky (%s), ktoré sa teraz nedajú upravovať. Ak chcete pokračovať v úprave, položky (%s) budú odobraté, objednávka bude zrušená a nová objednávka bude vytvorená."
"This order no longer exists.","Objednávka už neexistuje."
"This product does not have any configurable options",""
"This profile state cannot be changed to ""%s"".","Tento stav profilu nemôže byť zmenený na ""%s""."
"This will create an offline refund. To create an online refund, open an invoice and create credit memo for it. Do you wish to proceed?","Toto vytvorí offline náhradu. Ak chcete vytvoriť online náhrady, otvorte faktúru a vytvorte dobropis pre ňu. Prajete si pokračovať?"
"Tier Pricing","Množstevná zľava"
"Title","Nadpis"
"To","Pre"
"To Name","Pre meno"
"To:","Pre:"
"Total","Celkom"
"Total %d product(s)","Celkom produktov: %d"
"Total (ex)","Celkom (bez DPH)"
"Total (inc)","Celkom (s DPH)"
"Total Due","Odmena celkom"
"Total Invoiced","Celkom fakturované"
"Total Invoiced Paid","Celkom zaplatených faktúr"
"Total Invoiced VS Paid Report","Fakturované vs zaplatené"
"Total Invoiced not Paid","Celkom nezaplatených faktúr"
"Total Ordered Report","Celkom objednané"
"Total Paid","Celkom zaplatené"
"Total Qty","Celkové množstvo"
"Total Refund","Celková úhrada"
"Total Refunded","Celkom uhradené"
"Total Refunded Report","Celkom uhradené - report"
"Total Sales Shipping","Celkový predaj - doprava"
"Total Shipped Report","Celkom dopravených"
"Total Shipping","Doprava celkom"
"Total Shipping Charges","Celkové náklady na dopravu"
"Total Tax","Celková daň"
"Total Weight",""
"Track Order","Sledovať objednávku"
"Track all shipment(s)","Sledovať všetky zásielky"
"Track all shipments","Sledovať všetky zásielky"
"Track this shipment","Sledovať zásielku"
"Track your order","Sledovať Vašu objednávku"
"Tracking","Sledovanie"
"Tracking Number","Sledovacie číslo"
"Tracking Number(s):","Sledovacie číslo:"
"Transaction ""%s"" was already processed.","Transakcie ""%s"" už bola spracovaná."
"Transaction ID","ID transakcie"
"Transaction ID must not be empty.","ID transakcie nesmie byť prázdne."
"Transaction ID: ""%s"".","ID transakcie: ""%s""."
"Transaction Type","Typ transakcie"
"Transactions","Transakcie"
"Trial ","Skúšobný "
"Trial Payment","Skúšobné platby"
"Trial Period","Skúšobné obdobie"
"Trial period payment","Platby v skúšobnom období."
"Type",""
"Unassign",""
"Unhold","Pustiť"
"Unhold action is not available.","Pustiť objednávku nie je k dispozícii."
"Unhold order","Pustiť objednávku"
"Unknown State","Neznámy stav"
"Unknown Status","Neznámy stav"
"Unsupported transaction type ""%s"".","Nepodporovaný typ transakcie ""%s""."
"Update Changes","Aktualizovať zmeny"
"Update Items and Qty's","Aktualizovať položky a množstvá"
"Update Qty's","Aktualizovať množstvá"
"Updated At","Aktualizované na"
"Updated:","Aktualizované:"
"Use Aggregated Data (beta)","Použiť súhrnné údaje (beta)"
"Use Order Status As Default",""
"Validate Each Address Separately in Multi-address Checkout","Overiť jednotlivé adresy samostatne v prípade doručenia na viac adries"
"Value","Hodnota"
"View","Zobraziť"
"View All","Zobraziť všetko"
"View Another Order",""
"View Order","Zobraziť objednávku"
"Visible on Frontend","Viditelný v obchode"
"Void","Prázdny"
"Void invoice","Vynulovať faktúru"
"Voided authorization.","Autorizácia zrušená."
"Website","Webstránka"
"Weight",""
"Whether buyer can define the date when billing for the profile begins.","Či kupujúci môžete definovať dátum, kedy začne účtovanie pre profil."
"Width",""
"Wishlist","Zoznam prianí"
"Wrong billing agreement ID specified.","Zle špecifikované ID fakturačných dohôd(billing agreement)"
"Wrong quote item id to update configuration.",""
"Wrong state: ""%s"".","Nesprávný stav: ""%s""."
"Yes","Áno"
"You can leave a box blank if you don't wish to add a gift message for whole order",""
"You have placed no orders.","Nemáte žiadne objednávky."
"You will be redirected to the payment system website.","Budete presmerovaný na stránku platobného systému."
"Your credit card will be charged for","Z Vašej platobnej karty sa odpočíta"
"ZIP/Post Code","PSČ"
"Zip/Postal Code",""
"cm",""
"in",""
"kg",""
"lb",""
"the credit memo email is not sent","Email dobropisu neodoslaný"
"the credit memo email was sent","Email dobropisu odoslaný"
"the invoice email is not sent","Email faktúry neodoslaný"
"the invoice email was sent","Email faktúry odoslaný"
"the order confirmation email is not sent","Email potvrdenia objednávky neodoslaný"
"the order confirmation email was sent","Email potvrdenie objednávky odoslaný"
"the shipment email is not sent","Email zásielky neodoslaný"
"the shipment email was sent","Email zásielky odoslaný"
"Add Gift Messsage","Pridať darčekové odkazy"
"Add a gift message for <strong>each gift item</strong>","Pridať darčekové odkazy ku <strong> každej položke darčeka </strong>"
"Add a gift message for the <strong>entire order</strong>","Add a gift message for the <strong>entire order</strong>"
"Custom Options","Vlastné možnosti"
"Date of Birth","Dátum narodenia"
"Edit Gift Messsage","Upraviť darčekový odkaz"
"Excel","Excel"
"Gift","Darček"
"No valid transaction found for this payment review.","Našiel neplatnú transakciu pre túto platobnú recenziu."
"Notify Customer","Upozorniť zákazníka"
"Registered notification about authorized amount of %s.","Zaznamenané oznámenie o povolenej sume %s."
"Save and Close Message","Uložiť a zavrieť správu"
"TAX/VAT Number","DIČ"
"Grand Total (Excl. Tax)","Celkom (bez dane)"
"Grand Total (Excl.Tax)","Celkom (bez dane)"
"Grand Total (Incl. Tax)","Celkom (s daňou)"
"Grand Total (Incl.Tax)","Celkom (s daňou)"
"Grand Total Excl. Tax","Celkom bez dane"
"Grand Total Incl. Tax","Celkom s daňou"