" The customer does not exist in the system anymore."," Zákazník už v systéme neexistuje"
" [deleted]"," [deleted]"
" and "," a "
" note that the URLs provided below are the correct values for your current website): ","všimnite si, že adresy URL uvedené nižšie sú správne hodnoty pre aktuálnu webovú stránku):"
"%s (Default Template from Locale)","%s (Predvolená šablóna z prekladu)"
"%s cache type(s) disabled.","%s vyrovnávacia pameť vypnutá."
"%s cache type(s) enabled.","%s vyrovnávacia pamäť povolená."
"%s cache type(s) refreshed.","%s vyrovnávacia pameť obnovená."
"(For Type ""Local Server"" need to use relative path to Magento install var/export or var/import, e.g. var/export, var/import, var/export/some/dir, var/import/some/dir)","(Pre typ „Local Server“ je potrebné použiť relatívnu cestu k inštalácii Magenta var/export alebo var/import, napr. var/export, var/import, var/export/nejaky/adresar, var/import/nejaky/adresar)"
"(For US 2-letter state names)","(Pre USA 2-znakový názov štátu)"
"(If left empty will be auto-generated)","(Ak ponecháte prázdne bude vygenerovaný automaticky)"
"(Includes more countries than those listed below. As the application owner, you are responsible for complying with country-specific laws related to the distribution or sale of your application into that country, including your home country.)","(Zahrňuje viac zemí, než je uvedené nižšie. Vy ako majiteľ ste zodpovedný za dodržiavanie zákonov jednotlivých krajín tykajúce sa distribúcie a predaja v tejto krajine, vrátane svojej domovskej krajiny.)"
"(Leave empty for first spreadsheet)","(Ponechajte prázdne pre prvý zošit)"
"(Products will be added/updated to this store if 'store' column is blank or missing in the import file.)","(Produkt bude pridaný/aktualizovaný do tohto 'obchodu', pokiaľ je stĺpec prázdny, alebo chýba v importnom súbore.)"
"(Shift-)Click or drag to change value","(Shift-) Klik alebo ťahaním zmeníte hodnotu"
"(Starting with)","(počnúc)"
"(When 'No', only mapped fields will be imported. When mapping, use 'column1', 'column2', etc.)","(Pokiaľ 'Nie', budú importované iba priradené polia. Pokiaľ priraďujete pole použite 'stĺpec1', 'stĺpec2', atď.)"
"(You have to increase php memory_limit before changing this value)","(Musíte zvýšiť php memory_limit skôr ako zmeníte túto hodnotu)"
"(\\t for tab)","(\\t pre tabulátor)"
"* - If indexing is in progress, it will be killed and new indexing process will start.","* - Ak prebieha indexovanie, bude ukončené a spustí sa nové indexovanie."
"- Click on any of the time parts to increase it","- Kliknutím na niektorú z častí sa jej počet zvýši"
"- Hold mouse button on any of the above buttons for faster selection.","- Držte tlačidlo myši nad niektorým z vyššie uvedených tlačidiel pre rýchlejší výber."
"- Use the %s buttons to select month","- Použite %s pre výber mesiaca"
"- Use the %s, %s buttons to select year","- Použite %s, %s pro výber roku"
"- or Shift-click to decrease it","- Alebo Shift-klik pre zníženie"
"- or click and drag for faster selection.","- Alebo klik a ťahanie pre rýchle označenie."
"-- Not Selected --","-- Nevybrané --"
"-- Please Select --","-- Prosím vyberte --"
"-- Please Select Billing Agreement--","-- Vyberte platobné podmienky(Billing Agreement) --"
"-- Please Select a Category --","-- Vyberte kategóriu --"
"-- Please select --","-- Prosím vyberte --"
"--Please Select--","--Prosím vyberte--"
"1 Hour","1 hodina"
"10:40 AM","10:40"
"12 Hours","12 hodín"
"12h AM/PM","12h AM/PM"
"2 Hours","2 hodiny"
"24 Hours","24 hodín"
"24h","24h"
"2YTD","Do dnešného dňa"
"6 Hours","6 hodín"
"80px x 80px","80px x 80px"
"80x80 px","80x80 px"
"<h1 class=""page-heading"">404 Error</h1><p>Page not found.</p>","<h1 class=""page-heading"">Chyba 404</h1><p>Stránka nebola nenájdená.</p>"
"A new password was sent to your email address. Please check your email and click Back to Login.","Nové heslo bolo odoslané na Vašu emailovú adresu. Prosím skontrolujte svoj email a kliknite späť na prihlásenie."
"A user with the same user name or email aleady exists.","Užívateľ s rovnakým menom alebo emailom už existuje."
"API Key","API Key"
"API Key Confirmation","API Key Potvrdenie"
"ASCII","ASCII"
"Abandoned Carts","Opustené košíky"
"About the calendar","O kalendári"
"Access Denied","Prístup zamietnutý"
"Access denied","Prístup zamietnutý"
"Access denied.","Prístup zamietnutý."
"Account Created in:","Účet vytvorený v:"
"Account Created on (%s):","Účet vytvorený v (%s):"
"Account Created on:","Účet vytvorený v:"
"Account Information","Informácie o účte"
"Account Status","Stav účtu"
"Account status","Stav účtu"
"Action","Operácia"
"Actions","Operácie"
"Actions XML","Operácie XML"
"Activate","Aktivovať"
"Active","Aktívny"
"Add","Pridať"
"Add Contents Path","Naplniť cestu"
"Add Exception","Pridať výnimku"
"Add Field Mapping","Pridajte pole mapovania"
"Add Field with URL:","Pridať pole s URL:"
"Add New","Pridať nový"
"Add New Image","Pridať nový obrázok"
"Add New Profile","Pridať nový profil"
"Add New Role","Pridať novú Rolu"
"Add New Template","Pridať novú šablónu"
"Add New URL Rewrite","Pridať nový URL Rewrite"
"Add New User","Pridať nového užívateľa"
"Add New Variable","Pridať novú premennú"
"Add PHP Extension dependency","Pridať závislosť PHP rozšírení"
"Add Package dependency","Pridať závislosti balíčkov(Package)"
"Add URL Rewrite","Pridať URL Rewrite"
"Add URL Rewrite for a Category","Pridať URL Rewrite pre kategóriu"
"Add URL Rewrite for a Product","Pridať URL Rewrite pre produkt"
"Add after","Pridať za"
"Add to Cart","Pridať do košíka"
"Add to Wishlist","Pridať do zoznamu prianí"
"Additional Cache Management","Pokročilá správa Cache"
"Address Type:","Typ adresy:"
"Admin","Admin"
"Advanced Admin Section","Pokročilé nastavenie administrácie"
"Advanced Profiles","Rozšírený profil"
"Advanced Section","Rozšírené"
"AirMail Template Preview","Náhľad šablóny AirMail"
"All","Všetko"
"All Allowed Countries","Všetky povolené krajiny"
"All Cache","Všetku Cache"
"All Files","Všetky súbory"
"All Reviews","Všetky recenzie"
"All Store Views","Zobrazenie všetkých obchodov"
"All Tags","Všetky štítky"
"All Websites","Všetky webstránky"
"All countries","Všetky krajiny"
"All fields","Všetky polia"
"All locations","Všetky lokality"
"All possible rates were fetched, please click on ""Save"" to apply","Všetky možné sadzby boli vykonané, kliknutím na ""Uložiť"" sa aplikujú"
"All rates were fetched, please click on ""Save"" to apply","Všetky sadzby boli vykonané, kliknutím na ""Uložiť"" sa aplikujú"
"All valid rates have been saved.","Všetky platné sadzby boli úspešne uložené."
"Amounts","Množstvá"
"An error has occured while syncronizing media storages.","Počas synchronizácie úložiska médií došlo k chybe."
"An error occurred while clearing the JavaScript/CSS cache.","Chyba pri mazaní vyrovnávacej pamäte(cache) JavaScriptu/CSS."
"An error occurred while clearing the image cache.","Chyba pri mazaní vyrovnávacej pamäte(cache) obrázkov."
"An error occurred while creating the backup.","Chyba pri vytváraní zálohy."
"An error occurred while deleting email template data. Please review log and try again.","Chyba pri mazaní dát emailovej šablóny. Prosím prezrite si logy a skúste to znova."
"An error occurred while deleting this role.","Chyba pri mazaní tejto Role."
"An error occurred while deleting this set.","Chyba pri mazaní tejto množiny."
"An error occurred while deleting this template.","Chyba pri mazaní tejto šablóny."
"An error occurred while finishing process. Please refresh the cache","Chyba pri dokončovaní procesu. Prosím obnovte cache"
"An error occurred while rebuilding the CatalogInventory Stock Status.","Chyba pri prebudovaní CatalogInventory Stock Status."
"An error occurred while rebuilding the catalog index.","Chyba pri prebudovaní catalog index."
"An error occurred while rebuilding the flat catalog category.","Chyba pri prebudovaní flat catalog category."
"An error occurred while rebuilding the flat product catalog.","Chyba pri prebudovaní flat product catalog."
"An error occurred while rebuilding the search index.","Chyba pri prebudovaní search index."
"An error occurred while refreshing the Catalog Rewrites.","Chyba pri obnovovaní Catalog Rewrites."
"An error occurred while refreshing the Layered Navigation indices.","Chyba pri obnovovaní Layered Navigation indexov."
"An error occurred while refreshing the catalog rewrites.","Chyba pri obnovovaní catalog rewrites."
"An error occurred while refreshing the layered navigation indices.","Chyba pri obnovovaní layered navigation indexov."
"An error occurred while saving account.","Chyba pri ukladaní účtu."
"An error occurred while saving the customer.","Došlo k chybe pri ukladaní zákazníka."
"An error occurred while saving this configuration:","Chyba pri ukladaní tohto nastavenia:"
"An error occurred while saving this role.","Chyba pri ukladaní tejto Role."
"An error occurred while saving this template.","Chyba pri ukladaní tejto šablóny."
"An error occurred while updating the selected review(s).","Chyba pri aktualizovaní vybraných recenzií."
"Any","Ľubovoľný"
"Any Attribute Set","Ľubovoľná množina atribútov"
"Any Group","Ľubovoľná skupina"
"Any Status","Ľubovoľný stav"
"Any Store","Ľubovoľný obchod"
"Any Type","Ľubovoľný typ"
"Any Visibility","Ľubovoľná viditeľnosť"
"Archive file name:","Meno zálohy:"
"Are you sure that you want to delete this template?","Naozaj chcete zmazať túto šablónu?"
"Are you sure that you want to strip tags?","Naozaj chcete odobrať štítky?"
"Are you sure you want to delete this theme? This change will affect all applications.","Ste si istý, že chcete zmazať túto theme? Táto zmena bude mať vplyv na všetky aplikácie."
"Are you sure you want to do this?","Naozaj to chcete urobiť?"
"Area","Pole"
"As low as:","Menej ako:"
"Assigned","Priradený"
"Associated Tags","Priradené štítky"
"Attribute Set Name:","Názov množiny vlastností:"
"Attributes","Atribúty"
"Authors","Autori"
"Automatic","Automaticky"
"Available Products","Dostupné produkty"
"Average Order Amount","Priemerná hodnota objednávky"
"Average Orders","Priemerná cena objednávky"
"BINARY","Binárny"
"Back","Späť"
"Back to Login","Späť na prihlásenie"
"Backup","Záloha"
"Backup record was deleted.","Záloha záznamu bola zmazaná"
"Backups","Zálohy"
"Base currency","Základná mena"
"Bcc","Kópia"
"Bestsellers","Najpredávanejšie"
"Big Image","Veľký obrázok"
"Billing Address","Fakturačná adresa"
"Billing Address: ","Fakturačná adresa:"
"Billing Agreement","Fakturačné podmienky(Billing Agreement)"
"Billing Agreements","Fakturačné podmienky(Billing Agreements)"
"Block Information","Súhrnné informácie"
"Both (without and with tax)","Obe (bez a s daňou)"
"Both IPN and PDT","Oba IPN a PDT"
"Browse Files...","Prechádzať súbory..."
"Bundle Items","Položky balenie"
"Bundle with dynamic pricing cannot include custom defined options. Options will not be saved.","Balenie s dynamickou cenou nesmie obsahovať vlastné definované možnosti. Nastavenia nebudu uložené."
"CMS","CMS"
"CRITICAL","KRITICKÉ"
"CSV","CSV"
"CSV / Tab separated","CSV / Oddelená tabuľka"
"Cache Control","Cache Control"
"Cache Control (beta)","Ovládanie cache (beta)"
"Cache Management","Správa Cache"
"Cache Type","Typ cache"
"Cancel","Zrušit"
"Cancel URL: ","Zrušiť URL:"
"Cannot add new comment.","Nemožno pridať nový komentár."
"Cannot add tracking number.","Nemožno pridať sledovacie číslo."
"Cannot create an invoice without products.","Nemožno vytvoriť faktúru bez produktov."
"Cannot create credit memo for the order.","Nemožno vytvoriť dobropis pre objednávku."
"Cannot delete the design change.","Nemožno zmazať zmeny v zobrazení."
"Cannot delete tracking number.","Nemožno zmazať sledovacie číslo."
"Cannot do shipment for the order separately from invoice.","Nemožno zaslať oddelene od faktúry."
"Cannot do shipment for the order.","Nemožno vyrobiť dodací list pre objednávku."
"Cannot find the email address.","Nemožno nájsť emailovú adresu."
"Cannot initialize shipment for adding tracking number.","Nemožno inicializovať zásielku pre zadané sledovacie číslo."
"Cannot initialize shipment for delete tracking number.","Nemožno inicializovať zásielku pre zmazanie sledovacieho čísla."
"Cannot load track with retrieving identifier.","Nemožno načítať zákazku so zadaným identifikátorom."
"Cannot retrieve tracking number detail.","Nemožno získať podrobnosti k sledovaniu zákazky."
"Cannot save shipment.","Nemožno uložiť zásielku."
"Cannot save the credit memo.","Nemožno uložiť dobropis."
"Cannot send shipment information.","Nemožno zaslať informácie o zásielke."
"Cannot update item quantity.","Nemožno upraviť množstvo položky."
"Cannot update the item's quantity.","Nemožno upraviť množstvo položky"
"Card Verification Number","Overovacie číslo karty (CCV)"
"Carrier","Prepravca"
"Catalog","Katalóg"
"Catalog Price Rules","Pravidlá cien pre katalóg"
"Catalog Rewrites","Katalóg Rewrites"
"Categories","Kategórie"
"Category:","Kategória:"
"Chairs","Stolička"
"Change Orientation","Zmeniť orientáciu"
"Channel","Kanál"
"Chart is disabled. If you want to enable chart, click <a href=""%s"">here</a>.","Graf je vypnutý.Pokiaľ chcete zobrazovanie grafu zapnúť, <a href=""%s"">kliknite sem</a>."
"Checkbox","Zaškrtávacie políčko"
"Child Transactions","Dcérske transakcie"
"Choose Store View","Vyberte zobrazenie obchodu"
"Choose a selection...","Zvoľte možnosť..."
"Choose an attribute","Vyberte vlastnosť"
"Chosen category does not associated with any website, so url rewrite is not possible.","Vybraná kategória nie je priradená k žiadnej webovej stránke, takže url rewrite nie je možný."
"Chosen product does not associated with any website, so url rewrite is not possible.","Vybraný produkt nie je priradený k žiadnej webovej stránke, takže url rewrite nie je možný."
"Clear","Vymazať"
"Close","Zavrieť"
"Comment text field cannot be empty.","Pole komentáru nesmie byť prázdne."
"Complete","Hotovo"
"Configuration","Nastavenie"
"Confirmed email:","Potvrdzujúcí email:"
"Connect with the Magento Community","Navštíviť Magento komunitu"
"Contents","Obsah"
"Continue","Pokračovať"
"Convert to Plain Text","Previesť na jednoduchý text"
"Cookie (unsafe)","Cookie (nebezpečné)"
"Country","Krajina"
"Country:","Krajina:"
"Coupons","Kupóny"
"Create","Vytvoriť"
"Create DB Backup","Vytvoriť zálohu DB"
"Create New Attribute","Vytvoriť nový atribút"
"Create URL Rewrite:","Vytvoriť URL Rewrite:"
"Created At","Vytvorené v"
"Credit Card %s","Platebná karta: %s"
"Credit Card Number","Číslo platobnej karty"
"Credit Card Number: xxxx-%s","Číslo platobnej karty: xxxx-%s"
"Credit Card Type","Typ platobnej karty"
"Credit Card Type: %s","Typ platobnej karty: %s"
"Credit Memo History","História dobropisov"
"Credit Memo Totals","Dobropisov celkovo"
"Credit Memos","Dobropisy"
"Credit memo #%s comment added","Dobropis %s komentár pridaný"
"Credit memo #%s created","Dobropis #%s vytvorený"
"Credit memo's total must be positive.","Hodnota dobropisu musí byť kladná."
"Currency","Mena"
"Currency Information","Informácie o mene"
"Currency Setup Section","Nastavenie meny"
"Current Configuration Scope:","Aktuálny rozsah nastavenia:"
"Current Month","Aktuálny mesiac"
"Custom","Užívateľský"
"Custom Variable ""%s""","Vlastná premenná ""%s"""
"Custom Variables","Vlastné premenné"
"Customer","Zákazník"
"Customer Group:","Zákaznícka skupina:"
"Customer Groups","Zákaznícke skupiny"
"Customer Name","Meno zákazníka"
"Customer Reviews","Zákaznícke recenzie"
"Customer Shopping Carts","Nákupný košík"
"Customer Since:","Zákazníkom od:"
"Customer Tax Classes","Daňová trieda zákazníka"
"Customer with the same email already exists.","Zákazník s týmto emailom už existuje."
"Customers","Zákazníci"
"Customers by Number of Orders","Zákazníci podľa počtu objednávok"
"Customers by Orders Total","Zákazníci podľa objednávok"
"DHTML Date/Time Selector","DHTML Date/Time Selector"
"Dashboard","Nástenka"
"Data Format","Formát dát"
"Data transfer:","Prenos dát:"
"Database","Databáza"
"Dataflow - Advanced Profiles","Dataflow - Rozšírený profil"
"Dataflow - Profiles","Dataflow - Profily"
"Date","Dátum"
"Date & Time","Dátum & Čas"
"Date Added","Dátum pridania"
"Date Updated","Dátum aktualizácie"
"Date selection:","Výber dátumu:"
"Date selector","Voľba dátumu"
"Day","Deň"
"Decimal separator:","Desatinný oddeľovač:"
"Default (Admin) Values","Predvolené (Admin) hodnoty"
"Default Billing Address","Predvolená fakturačná adresa"
"Default Config","Predvolené nastavenie"
"Default Template from Locale","Predvolená šablóna z prekladu"
"Default Values","Predvolené hodnoty"
"Default display currency ""%s"" is not available in allowed currencies.","Predvolená zobrazovaná mena ""%s"" nie je medzi povolenými menami."
"Default scope","Predvolený rozsah"
"Delete","Zmazať"
"Delete %s","Zmazať %s"
"Delete %s '%s'","Zmazať %s '%s'"
"Delete File","Zmazať Súbor"
"Delete Image","Zmazať Obrázok"
"Delete Profile","Zmazať profil"
"Delete Role","Zmazať Rolu"
"Delete Store","Zmazať obchod"
"Delete Store View","Zmazať zobrazenie obchodu"
"Delete Template","Zmazať šablónu"
"Delete User","Zmazať užívateľa"
"Delete Website","Zmazať webstránky"
"Delete theme","Zmazať Tému"
"Description","Popis"
"Deselect All","Odznačiť všetko"
"Design","Vzhľad"
"Design Section","Vzhľad"
"Details","Podrobnosti"
"Developer Section","Vývoj"
"Direction:","Smer:"
"Disable","Zakázať"
"Disabled","Zakázané"
"Display %s first","Zobraziť prvých %s"
"Display default currency","Zobraziť predvolenú menu"
"Distributed under GNU LGPL. See %s for details.","Distribuované pod GNU LGPL. Pre detaily sa pozrite na %s."
"Do not enable AVS or CSC options.  The do not work when using Payflow Link Silent Mode.","Nepovoľujte možnosti AVS alebo CSS.  Nefungujú pri použití Payflow Link Silen Mode."
"Do not set any fields in the Billing and Shipping Information block as editable in your Payflow accout.","Nenastavuje žiadne pole vo fakturačnej a dodacom informačnom blok ako upraviteľne vo Vašom Payflow účtu."
"Do you really want to KILL parallel process and start new indexing process?","Naozaj chcete prerušiť paralelný proces a spustiť nové indexovanie?"
"Download","Stiahnuť"
"Downloads","Stiahnuť"
"Drag to move","Uchopiť pre presun"
"Drop-down","Rozbaľovací zoznam"
"Edit","Upraviť"
"Edit Design Change","Upraviť zmenu vzhľadu"
"Edit Email Template","Upraviť šablónu emailu"
"Edit Filter","Upraviť filter"
"Edit Poll","Upraviť anketu"
"Edit Queue","Upraviť frontu"
"Edit Review","Upraviť recenziu"
"Edit Role","Upraviť Rolu"
"Edit Store View","Upraviť zobrazenie obchodu"
"Edit System Template","Upraviť systémovú šablónu"
"Edit Template","Upraviť šablónu"
"Edit URL Rewrite","Upraviť URL Rewrite"
"Edit User","Upraviť užívateľa"
"Edit User '%s'","Upraviť užívateľa '%s'"
"Edit Website","Upraviť webstránky"
"Email","E-mail"
"Email Address:","E-mailová adresa:"
"Email Preview","Náhľad e-mailu"
"Email to a Friend","Poslať e-mailom známemu"
"Email:","E-mail:"
"Enable","Povoliť"
"Enable Secure Token:","Povoliť bezpečné tokeny:"
"Enabled","Povolené"
"Enclose Values In:","Hodnoty uzavreté v:"
"Entity Attributes","Vlastnosti objektu"
"Entity Type","Typ entity"
"Entity type:","Typ entity:"
"Error","Chyba"
"Excel XML","Excel XML"
"Excl. Tax","Bez dane"
"Expiration Date","Dátum expirácie"
"Expiration Date: %s/%s","Dátum expirácie: %s/%s"
"Export","Export"
"Export CSV","Export CSV"
"Export Filters","Filtre exportu"
"Export to:","Exportovať do:"
"Export:","Export:"
"Extension","Rozšírenie"
"Extensions","Rozšírenia"
"FILTERS APPLIED","FILTRE APLIKOVANÉ"
"FTP Host[:Port]","FTP Host[:Port]"
"Failed to add a product to cart by id ""%s"".","Chyba pri pridávaní produktu do košíka s id ""%s""."
"Failed to cancel the billing agreement.","Nepodarilo sa zrušiť fakturačné podmienky(Billing Agreement)."
"Failed to clear the JavaScript/CSS cache.","Chyba pri čistení vyrovnávacej pamäte JavaScript/CSS."
"Failed to delete the billing agreement.","Nepodarilo sa zmazať fakturačné podmienky(Billing Agreement)."
"Failed to update the profile.","Nepodarilo sa aktualizovať profil."
"Field","Pole"
"Field Mapping","Priradenie poľa"
"File","Súbor"
"File Information","Informácie o súbore"
"File System","Súborový systém"
"File mode","Mód souboru"
"File name:","Názov súboru:"
"File size should be more than 0 bytes","Veľkosť súboru musí byť väčšia ako 0 bytov."
"Files","Súbory"
"Finished profile execution.","Profil dokončený."
"First Invoice Created Date","Dátum vytvorenia prvých faktúr"
"First Name","First Name"
"First Name is required field.","First Name is required field."
"First Name:","Meno:"
"Fixed","Fixné"
"Flush Catalog Images Cache","Vyprázdniť vyrovnávaciu pamäť(cache) obrázkov"
"Flush JavaScript/CSS Cache","Vyprázdniť vyrovnávaciu pamäť JavaScript / CSS"
"For category","Pre kategóriu"
"For latest version visit: %s","Pre poslednú verziu navštívte: %s"
"For product","Pre produkt"
"Forgot your password?","Zabudli ste heslo?"
"Forgot your user name or password?","Zabudli ste Vaše prihlasovacie meno alebo heslo?"
"From","Od"
"GLOBAL","GLOBAL"
"Gb","Gb"
"General Information","Všeobecné informácie"
"General Section","Všeobecné informácie"
"Get Image Base64","Obrázok v Base64"
"Get help for this page","Nápoveda pre túto stránku"
"Global Attribute","Globálny atribút"
"Global Record Search","Globálne vyhľadávanie záznamu"
"Global Search","Globálne hľadanie"
"Go Today","Prejsť na dnešok"
"Go to messages inbox","Prejsť do doručenej pošty"
"Go to notifications","Prejsť na oznámenia"
"Google Base","Google Base"
"Google Base Items","Položky Google Base"
"Google Sitemaps","Google Sitemaps"
"Grand Total","Celkový súčet"
"Grid (default) / List","Tabuľka (predvolená) / Zoznam"
"Grid Only","Iba tabuľka"
"Group:","Skupina:"
"Guest","Návštevník"
"HTTP (unsecure)","HTTP (nezabezpečené)"
"HTTPS (SSL)","HTTPS (SSL)"
"Help Us Keep Magento Healthy - Report All Bugs","Pomôžte nám udržať Magento bez chýb - Nahláste všetky chyby"
"Helper attributes should not be used in custom layout updates.","Helper atribúty by nemal ibyť používané v aktualizáciách vo vlastnom rozložení."
"Helper for options rendering doesn't implement required interface.","Helper pre renderovania volieb neimplementuje požadované rozhranie."
"Home","Domov"
"ID","ID"
"ID Path","ID cesta"
"IP Address","IP adresa"
"IPN (Instant Payment Notification) Only","Len IPN (Okamžitá notifikácia platby - IPN)"
"If this message persists, please contact the store owner.","Ak táto správa pretrváva, prosím kontaktujte prevádzkovateľa obchodu."
"If your Magento instance is used for multiple websites, you must configure a separate Payflow Link account for each website.","Ak používáte inštaláciu Vášho Magenta pre viac webových stránok, musíte nakonfigurovať Payflow link účet pre každou zo stránok."
"Ignore","Ignorovať"
"Images","Obrázky"
"Images (.gif, .jpg, .png)","Obrázky (.gif, .jpg, .png)"
"Images Cache","Cache obrázkov"
"Import","Import"
"Import Service","Služba Import"
"Import and Export","Import a export"
"Import and Export Tax Rates","Import a export daňových sadzieb"
"Import/Export","Import/Export"
"Import/Export Advanced","Rozšírený Import/Export"
"Import/Export Profile","Import/Export profilu"
"Important: ","Dôležité:"
"Imported <strong>%s</strong> records","Importované <strong>%s</strong> záznamov"
"In","V"
"In Database:","V databáze:"
"In File:","V súbore:"
"In Stock","Na sklade"
"Inactive","Neaktivny"
"Inactive Tabs","Neaktívne záložky"
"Incl. Tax","S daňou"
"Include","Obsahuje"
"Incoming Message","Prichádzajúca správa"
"Insert Variable...","Vložte premennú ..."
"Interactive","Interaktivny"
"Interface Locale: %s","Rozhranie v jazyku: %s"
"Invalid Form Key. Please refresh the page.","Nesprávny kľúč formulára. Prosím obnovte stránku."
"Invalid Import Service Specified","Chybne špecifikovaná importná služba"
"Invalid POST data (please check post_max_size and upload_max_filesize settings in your php.ini file).","Neplatná POST dáta (prosím skontrolujte post_max_size a upload_max_filesize nastavenia vo Vašom php.ini)."
"Invalid Secret Key. Please refresh the page.","Nesprávny tajný kľúč. Prosím obnovte stránku."
"Invalid Username or Password.","Chybné prihlasovacie meno alebo heslo."
"Invalid directory: %s","Chybný adresár: %s"
"Invalid email address ""%s"".","Chybná emailová adresa ""%s""."
"Invalid file: %s","Chybný súbor: %s"
"Invalid input data for %s => %s rate","Chybné vstupné dáta pre %s => %s sadzbu"
"Invalid parent block for this block","Chybný rodičovský blok pre tento blok"
"Invalid parent block for this block.","Chybný rodičovský blok pre tento blok."
"Invalid sender name ""%s"". Please use only visible characters and spaces.","Neplatné meno odosielateľa ""%s"". Prosím používajte iba viditeľné znaky a medzery."
"Invalid timezone","Neplatná časová zóna"
"Invalidated","Zrušený"
"Inventory Stock Status","Stav skladu"
"Invoice #%s comment added","Faktúre č.%s bol pridaný komentár"
"Invoice #%s created","Faktúra č.%s bola vytvorená"
"Invoice History","História faktúr"
"Invoice Totals","Faktúry celkom"
"Invoice canceling error.","Chyba pri rušení faktúry."
"Invoice capturing error.","Chyba pri zadržiavaní faktúry."
"Invoice voiding error.","Chyba platby faktúry."
"Invoices","Faktúry"
"Is Closed","Je uzatvorená"
"Issue Number","Problém číslo"
"Issuer: %s","Vydavateľ: %s"
"Items","Položky"
"JavaScript/CSS","JavaScript/CSS"
"JavaScript/CSS Cache","JavaScript/CSS Cache"
"Kb","Kb"
"Last 24 Hours","Posledných 24 hodin"
"Last 5 Orders","Posledných 5 objednávok"
"Last 5 Search Terms","5 naposledy hľadaných výrazov"
"Last 7 Days","Posledných 7 dní"
"Last Credit Memo Created Date","Dátum vytvorenia posledného dobropisu"
"Last Invoice Created Date","Dátum vytvorenia poslednej faktúry"
"Last Logged In (%s):","Naposledy prihlásený v (%s):"
"Last Logged In:","Naposledy prihlásený:"
"Last Name","Priezvisko"
"Last Name is required field.","Priezvisko je vyžadovaná položka."
"Last Name:","Last Name:"
"Last updated: %s. To refresh last day's <a href=""%s"">statistics</a>, click <a href=""%s"">here</a>.","Naposledy aktualizované: %s. K obnoveniu štatistík za posledné <a href=""%s""> dni </a>, kliknite <a href=""%s""> tu </a>."
"Latest Message:","Posledná správa:"
"Layered Navigation Indices","Indexy vrstvy navigácie"
"Layered Navigation Indices were refreshed.","Obnova vrstvy navigácie prebehla v poriadku"
"Leave empty to use tax identifier","Ponechajte prázdne pre použitie DIČ"
"Lifetime Sales","Tržba celkom"
"Lifetime statistics have been updated.","Štatistiky boli úspešne aktualizované."
"Links","Odkazy"
"Links with associated products will retain only after saving current product.","Odkazy na súvisiace produkty sa zachovajú iba po uložení aktuálneho produktu."
"List (default) / Grid","Zoznam (predvolené) / Tabuľka"
"List Only","Iba zoznam"
"Load Template","Načítať šablónu"
"Load default template","Načítať predvolenú šablónu"
"Loading Preview...","Načítavam náhľad..."
"Loading...","Nahrávám..."
"Local Server","Lokálny server"
"Local/Remote Server","Lokálny / vzdialený server"
"Locale","Miesto a jazyk"
"Log In","Prihlásiť sa"
"Log Out","Odhlásiť"
"Log in to Admin Panel","Prihlásiť sa do administračného panelu"
"Log into Magento Admin Page","Prihlásiť sa do administračného rozhrania"
"Logged in as %s","Prihlásený ako %s"
"Login","Prihlásiť"
"Low Stock","Nízka zásoba"
"MAJOR","VYSOKÁ"
"MINOR","NÍZKA"
"MS Excel XML","MS Excel XML"
"Magento Admin","Magento Admin"
"Magento Commerce - Administrative Panel","Magento Commerce - Administračné rozhranie"
"Magento Connect","Magento Connect"
"Magento Connect Manager","Magento Connect Manažér"
"Magento Logo","Magento Logo"
"Magento is a trademark of Magento Inc. Copyright &copy; %s Magento Inc.","Magento je obchodná známkou Magento Inc. <br/>Copyright &copy; %s Magento Inc."
"Magento ver. %s","Magento ver. %s"
"Magento&trade; is a trademark of Magento Inc.<br/>Copyright &copy; %s Magento Inc.","Magento je ochranou známkou Magento Inc.<br/>Copyright &copy; %s Magento Inc.<br/>"
"Main Tabs","Hlavné záložky"
"Make Inactive","Deaktivovať"
"Make sure that data encoding in the file is consistent and saved in one of supported encodings (UTF-8 or ANSI).","Uistite sa, že kódovanie dát v súbore je konzistentné a uložené v jednom z podporovaných kódovaní (UTF-8 alebo ANSI)."
"Make sure that you configure the design settings for the Payflow Link form in your Payflow link account.","Uistite sa, že nastavujete vzhľad Payflow Link z Vášho účtu Payflow."
"Manage Attribute Sets","Spravovať množinu vlastností"
"Manage Attributes","Správa vlastností"
"Manage Categories","Správa kategórií"
"Manage Content","Obsah Magento"
"Manage Currency Rates","Správa menových kurzov"
"Manage Customers","Správa zákazníkov"
"Manage Ratings","Správa hodnotení"
"Manage Stores","Spravovať obchody"
"Manage Tax Rules","Správa daňových pravidiel"
"Manage Tax Zones and Rates","Správa daňových zón a sadzieb"
"Manual","Manuálny"
"Matched Expression","Zodpovedajúce výrazu"
"Max","Max"
"Mb","Mb"
"Media (.avi, .flv, .swf)","Média (.avi, .flv, .swf)"
"Media storages synchronization has completed!","Synchronizácia úložiska médií bola dokončená."
"Messages Inbox","Prijaté správy"
"Min","Min"
"Month","Mesiac"
"More Tabs","Viac záložiek"
"Most Viewed","Najprezeranejšie"
"Most Viewed Products","Najprezeranejšie produkty"
"Multiple Select","Viacnásobný výber (označenie)"
"My Account","Môj účet"
"N/A","nedefinované"
"NOTICE","UPOZORNENIE"
"Name","Meno"
"Name on Card","Meno na karte"
"Name on the Card: %s","Meno na karte: %s"
"Name:","Meno:"
"New ","Nový "
"New API Key","Nový kľúč API"
"New Accounts","Nové účty"
"New Attribute","Vytvoriť nový atribút"
"New Block","Vytvoriť nový blok"
"New Category","Vytvoriť novú kategóriu"
"New Class","Vytvoriť novú triedu"
"New Condition","Vytvoriť nové pravidlo"
"New Custom Variable","Vytvoriť novú vlastnú premennú"
"New Customer","Vytvoriť nového zákazníka"
"New Customers","Noví zákazníci"
"New Design Change","Vytvoriť novú zmenu vzhľadu"
"New Email Template","Nová šablona emailu"
"New Group","Vytvoriť novú skupinu"
"New Invoice","Vytvoriť novú faktúru"
"New Item Type","Nový typ položky"
"New Memo","Vytvoriť novú poznámku"
"New Memo for #%s","Nová poznámka pre %s"
"New Page","Vytvoriť novú stránku"
"New Password","Nové heslo"
"New Poll","Vytvoriť novú anktetu"
"New Profile","Nový profil"
"New Rate","Nová sadzba"
"New Rating","Nové hodnotenie"
"New Review","Nová recenzia"
"New Role","Pridať novú Rolu"
"New Rule","Pridať nové pravidlo"
"New Search","Nové vyhľadávanie"
"New Set","Nová množina"
"New Shipment","Nová zásielka"
"New Sitemap","Nová mapa stránok"
"New Store View","Nové zobrazenie obchodu"
"New System Template","Nová systémová šablona"
"New Tag","Nový štítok"
"New Template","Nová šablona"
"New User","Nový užívateľ"
"New Variable","Vytvoriť novú premennú"
"New Website","Nové webstránky"
"New admin password","Nové admin heslo"
"Newsletter","Spravodjca"
"Newsletter Problems","Problémy spravodajcu"
"Newsletter Queue","Fronta spravodajcu"
"Newsletter Subscribers","Odberatelia spravodajcu"
"Newsletter Templates","Šablóna spravodajcu"
"Next month (hold for menu)","Nasledujúci mesiac (podržte pre menu)"
"Next page","Ďalšia strana"
"Next year (hold for menu)","Nasledujúci rok (podržte pre menu)"
"No","Nie"
"No (price without tax)","Nie (cena bez dane)"
"No Data Found","Neboli nájdené žiadne dáta"
"No Templates Found","Neboli nájdené žiadne šablóny"
"No change","Žiadne zmeny "
"No customer id defined.","Nie je definované zákaznícke ID."
"No information available.","Údaje nie sú k dispozícii."
"No profile loaded...","Načítaný žiadny profil..."
"No records found for this period.","Nenájdený záznam pre toto časové obdobie."
"No records found.","Neboli nájdené žiadne záznamy."
"No report code specified.","Nešpecifikované kód správy."
"No search keywords.","Nenájdené kľúčové slovo."
"No search modules were registered","Neboli registrované žiadne moduly vyhľadávania"
"No wishlist item id defined.","Id položky zoznamu prianí nie je definované"
"None","Žiaden"
"Note:","Poznámka:"
"Notes","Poznámky"
"Notifications","Oznámenia"
"Number of Orders","Počet objednávok"
"Number of Uses","Počet použití"
"Number of records:","Počet záznamov:"
"Old rate:","Stará sadzba:"
"On my website","Na mojich stránkach"
"Once you log into your Payflow Link account, navigate to the Service Settings - Hosted Checkout Pages - Set Up menu and set the options described below","Ako náhle sa prihlasite do svojho účtu Payflow Link, prejdite do Service Settings - Hosted Checkout Pages - Set Up menu a nastavte možnosti popísané nižšie."
"One or more media files failed to be synchronized during the media storages syncronization process. Refer to the log file for details.","Jeden alebo viac súborov sa nepodarilo synchronizovať  počas procesu synchronizácie médií. Viac informácii nájdete v log súbore."
"One or more of the Cache Types are invalidated:","Jedna alebo viac typov vyrovnávacej pamäte je neplatná:"
"Online Customers","Online zákazníci"
"Only attributes with scope ""Global"", input type ""Dropdown"" and Use To Create Configurable Product ""Yes"" are available.","Iba atribúty s možnosťou ""Global"", vstupným typom ""Rozbaľovacia ponuka"" a použiteľné pre konfigurovateľný produkt ""Áno"" sú dostupné."
"Only custom theme can be deleted","Len vlastná téma môže byť zmazaná"
"Only default theme can be reset","Len predvolená téma môže byť resetovaná"
"Only mapped fields","Iba priradené polia"
"Optional","Voliteľné"
"Options","Možnosti"
"Options menu items","Možnosti položiek menu"
"Order","Objednávka"
"Order #%s","Objednávka %s"
"Order #%s (%s)","Objednávka č:%s (%s)"
"Order Created Date","Dátum vytvorenia objednávky"
"Order ID","ID objednávky"
"Order Totals","Objednávka celkom"
"Order Updated Date","Dátum upravenie objednávky"
"Order Updated Date report is real-time, does not need statistics refreshing.","Report dátumu upravenia objednávky je v reálnom čase, nepotrebuje obnovenie štatistiky."
"Order cannot be placed.","Objednávka nemôže byť zadaná."
"Orders","Objednávky"
"Original Magento attribute names in first row:","Pôvodné mená atribútov Magento v prvom riadku:"
"Out of stock","Vypredané"
"PDT (Payment Data Transfer) Only","Iba PDT (Payment Data Transfer)"
"Package","Balíček"
"Package Extensions","Balíčky rozšírení"
"Packages","Balíčky"
"Page","Stránka"
"Pages","Stránky"
"Parent Product Thumbnail","Náhľad nadradeného produktu"
"Parent Transaction ID","Parent Transaction ID"
"Passive mode","Pasívny mód"
"Password","Heslo"
"Password Confirmation","Potvrdenie hesla"
"Password confirmation must be same as password.","Potvrdenie hesla sa musí zhodovať s heslom."
"Password must be at least of %d characters.","Heslo musí byť dlhšie ako %d znakov."
"Password must include both numeric and alphabetic characters.","Heslo musí obsahovať čísla a písmena."
"Password:","Heslo:"
"Path","Cesta"
"Path:","Cesta:"
"Payment method instance is not available.","Inštancia platobnej metódy nie je dostupná."
"Payment method is not available.","Platobná metóda nie je dostupná."
"Payment method must be specified.","Musí byť vybraná metóda platenia."
"Pending Reviews","Čakajúce recenzie"
"Pending Tags","Čakajúce štítky"
"Per Item","Na položku"
"Per Order","Na objednávku"
"Percent","Percent"
"Performed At","Vykonané v"
"Period","Obdobie"
"Permanent (301)","Permanent (301)"
"Permissions","Oprávnenia"
"Personal Information","Osobné informácie"
"Phone:","Telefón:"
"Please Select","Vyberte prosím"
"Please confirm site switching. All data that hasn't been saved will be lost.","Potvrďte zmenu stránok. Všetky neuložené údaje budú stratené."
"Please continue with placing order.","Prosím pokračujte v odoslaní objednávky."
"Please enter 6 or more characters.","Zadajte prosím 6 alebo viac znakov."
"Please enter a number greater than 0 in this field.","Do tohto poľa prosím vložte číslo väčšie ako 0. "
"Please enter a valid $ amount. For example $100.00.","Zadajte prosím platný obnos $. Napríklad $100,00."
"Please enter a valid URL. For example http://www.example.com or www.example.com","Zadajte prosím platnú URL. Napríklad http://www.example.com nebo www.example.com"
"Please enter a valid URL. http:// is required","Zadajte prosím platnú URL. http:// je povinné."
"Please enter a valid credit card number.","Zadajte prosím platné číslo kreditnej karty."
"Please enter a valid date.","Zadajte prosím platný dátum."
"Please enter a valid email address. For example johndoe@domain.com.","Zadajte prosím platnú emailovú adresu. Napríklad johndoe@domain.com."
"Please enter a valid email.","Zadajte prosím platný email."
"Please enter a valid number in this field.","Zadajte prosím do tohto poľa platné číslo."
"Please enter a valid phone number. For example (123) 456-7890 or 123-456-7890.","Zadajte prosím platné telefónne číslo. Napríklad (123) 456-7890 alebo 123-456-7890."
"Please enter a valid social security number. For example 123-45-6789.","Zadajte prosím platné číslo sociálneho poistenia. Napríklad 123-45-6789."
"Please enter a valid value from list","Zadajte prosím platnú hodnotu zo zoznamu"
"Please enter a valid value, ex: 10,20,30","Zadajte prosím platnú hodnotu. Napríklad: 10, 20, 30"
"Please enter a valid zip code.","Zadajte prosím platné PSČ."
"Please enter a valid zip code. For example 90602 or 90602-1234.","Zadajte prosím platné PSČ. Napríklad 10000."
"Please enter another credit card number to complete your purchase.","Vložte prosím iné číslo kreditnej karty pre dokončenie objednávky."
"Please enter valid password.","Zadajte prosím platné heslo."
"Please make sure that all global admin search modules are installed and activated.","Uistite sa prosím, že globálny administrátorský vyhľadávací modul je inštalovaný a aktivovaný."
"Please make sure that your changes were saved before running the profile.","Uistite sa prosím, že sú Vaše zmeny uložené pred spustením profilu."
"Please make sure your passwords match.","Uistite sa prosím, že heslá súhlasia."
"Please select State/Province.","Vyberte štát/kraj."
"Please select a customer.","Vyberte zákazníka"
"Please select a store.","Vyberte obchod"
"Please select an option.","Vyberte prosím možnosť."
"Please select catalog searches.","Vyberte prosím vyhľadávanie v katalógu."
"Please select customer(s).","Vyberte zákazníkov"
"Please select message(s).","Vyberte správy."
"Please select one of the above options.","Vyberte prosím jednu z uvedených možností."
"Please select one of the options.","Vyberte prosím jednu z možností."
"Please select review(s).","Vyberte recenzie."
"Please select tag(s).","Vyberte štítky."
"Please specify at least start or end date.","Špecifikujte prosím počiatočný alebo konečný dátum."
"Please specify the admin custom URL.","Špecifikujte prosím vlastné URL administrátorského rozhrania."
"Please try to logout and sign in again.","Prosím, skúste sa odhlásiť a znovu prihlásiť."
"Please use in this field only ""a-z,0-9,_"".","V tomto poli možno použiť iba ""a-z,0-9,_""."
"Please use letters only (a-z) in this field.","Použite prosím iba písmená (a-z)."
"Please use numbers only in this field. Please avoid spaces or other characters such as dots or commas.","Použite prosím v tomto poli iba číslice. Vyhnite sa medzerám a ostatným znakom, ako bodky a čiarky."
"Please use only letters (a-z) or numbers (0-9) only in this field. No spaces or other characters are allowed.","V tomto poli prosím použite iba písmená (a-z), alebo číslice (0-9). Nie sú povolené medzery ani iné znaky."
"Please use only letters (a-z) or numbers (0-9) or spaces and # only in this field.","V tomto poli prosím použite iba písmená (a-z), číslice (0-9), medzery, alebo #."
"Please use this date format: dd/mm/yyyy. For example 17/03/2006 for the 17th of March, 2006.","Použite prosím tento formát dátumu: dd/mm/rrrr. Napríklad 17/03/2006 pre 17. marca, 2006."
"Please wait while the indexes are being refreshed.","Prosím počkajte, kým sa obnovia indexy."
"Please wait, loading...","Čakajte prosím, načítava sa ..."
"Please wait...","Čakajte prosím..."
"Please, add some answers to this poll first.","Najprv pridajte nejaké odpovede pre túto anketu."
"Please, select ""Visible in Stores"" for this poll first.","Najprv označte v obchode anketu za viditeľnú."
"Poll Manager","Správa ankiet"
"Polls","Ankety"
"Popular","Obľúbené"
"Position of Watermark for %s","Pozícia vodoznaku pre %s"
"Pregenerated product images files.","Predgenerované obrázky produktu."
"Preset Theme","Prednastavená téma"
"Prev. month (hold for menu)","Predchádzajúci mesiac (podržte pre menu)"
"Prev. year (hold for menu)","Predchádzajúci rok (podržte pre menu)"
"Preview","Náhľad"
"Preview Template","Náhľad šablóny"
"Previous page","Predchádzajúca strana"
"Price alert subscription was saved.","Upozornenie na zmenu ceny bolo úspešne uložené."
"Price:","Cena:"
"Processed <strong>%s%% %s/%d</strong> records","Spracované <strong>%s%% %s/%d</strong> záznamov"
"Product","Produkt"
"Product Name3 ","Názov produktu3"
"Product Name3 1","Názov produktu3 1"
"Product Name3 2","Názov produktu3 2"
"Product Reviews","Recenzie produktov"
"Product Tax Classes","Daňová trieda produktu"
"Product Thumbnail Itself","Náhľad samotného produktu"
"Product is not loaded.","Produkt nie je načítaný."
"Product:","Produkt:"
"Products","Produkty"
"Products Bestsellers Report","Report najpredávanejších produktov"
"Products Ordered","Objednané produkty"
"Products in Carts","Produkty v košíku"
"Profile Action","Operácie profilu"
"Profile Actions XML","Operácie profilu XML"
"Profile Direction","Kontrola profilu"
"Profile History","História profilu"
"Profile Information","Informácie o profile"
"Profile Name","Meno profilu"
"Profile Payments","Platby profilu"
"Profile Schedule","Plán profilu"
"Profile Wizard","Sprievodca profilom"
"Profiles","Profily"
"Promo","Propagácia"
"Promotions","Propagácie"
"Purchased Item","Kúpený tovar"
"Qty:","Množstvo:"
"Quantity","Množstvo"
"Queue Refresh","Obnoviť frontu"
"Queued... Cancel","Vo fronte ... Zrušiť"
"Radio Buttons","Prepínač"
"Rates","Sadzby"
"Read details","Čítať podrobnosti"
"Rebuild","Pregenerovať"
"Rebuild Catalog Index","Pregenerovať index katalógu"
"Rebuild Flat Catalog Category","Pregenerovať Flat katalóg kategórií"
"Rebuild Flat Catalog Product","Pregenerovať Flat katalóg produktov"
"Recent Orders","Posledné objednávky"
"Recent statistics have been updated.","Štatistiky boli úspešne aktualizované."
"Recurring Profile View","Recurring Profile View"
"Recursive Dir","Rekurzívne adresáre"
"Redirect","Presmerovanie"
"Reference","Referencie"
"Reference ID","Referencie ID"
"Refresh","Obnoviť"
"Refresh Now*","Obnoviť teraz*"
"Refresh Statistics","Obnoviť štatistiky"
"Region/State","Kraj/Štát"
"Regular Price:","Bežná cena:"
"Release","Vydanie"
"Release Stability","Stabilita vydania"
"Release Version","Verzia vydania"
"Remote FTP","Vzdialené FTP"
"Remove","Odstrániť"
"Reports","Prehľady"
"Request Path","Požadovaná cesta"
"Required","Povinné"
"Required settings","Povinne nastavenia:"
"Reset","Vynulovať"
"Reset Filter","Zrušiť filter"
"Reset theme to default","Obnoviť štandardné nastavenia témy"
"Resize","Zmeniť veľkosť"
"Resource Access","Prístup k zdrojom"
"Resources","Zdroje"
"Results","Výsledky"
"Retrieve Password","Získať heslo"
"Return Html Version","Vrátiť HTML verziu"
"Return URL: ","Návratová URL:"
"Revenue","Tržba"
"Reviews","Recenzie"
"Reviews and Ratings","Recenzie a hodnotenia"
"Rewrite Rules","Pravidlá Rewrite"
"Role ID","ID Role"
"Role Info","Info o Roli"
"Role Information","Info o Roli"
"Role Name","Meno Role"
"Role Resources","Zdroje Role"
"Role Users","Užívateľské Role"
"Roles","Role"
"Roles Resources","Zdroje Role"
"Rotate CCW","Otočiť doľava"
"Rotate CW","Otočiť doprava"
"Run","Spustiť"
"Run Profile","Spustiť profil"
"Run Profile Inside This Window","Spustiť profil v tomto okne"
"Run Profile in Popup","Spustiť profil v novom okne"
"Running... Kill","Beží... Kill-nuť"
"SKU","SKU"
"SKU:","SKU:"
"SORT BY:","TRIEDIŤ PODĽA:"
"SSL Error: Invalid or self-signed certificate","SSL Chyba: Neplatný alebo or samopodpísaný certifikát"
"Sales","Predaj"
"Sales Report","Report predajov"
"Samples","Ukážka"
"Save","Uložiť"
"Save & Generate","Uložiť a vygenerovať"
"Save Account","Uložiť účet"
"Save As","Uložiť ako"
"Save Cache Settings","Uložiť nastavenia Cache"
"Save Config","Uložiť nastavenie"
"Save Currency Rates","Uložiť sadzby mien"
"Save Profile","Uložiť profil"
"Save Role","Uložiť Rolu"
"Save Template","Uložiť šablónu"
"Save Theme","Uložiť tému"
"Save User","Uložiť užívateľa"
"Save and Continue Edit","Uložiť a pokračovať v úpravách"
"Screens:","Obrazoviek:"
"Search","Hľadať"
"Search Index","Vyhľadávací index"
"Search Term","Hľadaný výraz"
"Search Terms","Hľadané výrazy"
"Select","Vybrať"
"Select All","Vybrať všetko"
"Select Category","Vybrať kategóriu"
"Select Date","Vybrať dátum"
"Select Range","Vybrať rozsah"
"Select Visible","Vybrať viditeľné"
"Select date","Vybrať dátum"
"Selected allowed currency ""%s"" is not available in installed currencies.","Vybrané povolené meny ""%s"" nie sú dostupné v nainštalovaných menách."
"Selected base currency is not available in installed currencies.","Vybraná východzia mena nie je dostupná v nainštalovaných menách."
"Selected default display currency is not available in allowed currencies.","Vybraná predvolená zobrazovaná mena nie je dostupná v povolených menách."
"Selected default display currency is not available in installed currencies.","Vybraná predvolená zobrazovaná mena nie je dostupná v nainštalovaných menách."
"Self-assigned roles cannot be deleted.","Samo-priradené Role nemôžu byť zmazané."
"Sender","Odosielateľ"
"Separate Email","Oddelené emaily"
"Shipment #%s comment added","Komentár k zásielke %s pridaný"
"Shipment #%s created","Zásielka #%s vytvorená"
"Shipment Comments","Komentár k zásielke"
"Shipment History","História zásielky"
"Shipments","Zásielky"
"Shipping","Preprava"
"Shipping Address","Dodacia adresa"
"Shipping Address: ","Dodacia adresa:"
"Shipping Origin","Pôvod zásielky"
"Shipping Price","Cena prepravy"
"Shipping address selection is not applicable","Zvolená adresa doručenia nie je použiteľná"
"Shipping method must be specified.","Musí byť vybraný spôsob doručenia"
"Shipping method selection is not applicable","Zvolený spôsob doručenia nie je použiteľný"
"Shopping Cart","Nákupný košík"
"Shopping Cart Price Rules","Pravidlá nákupného košíka"
"Shopping Cart from %s","Nákupný košík od %s"
"Show By","Ukázať"
"Show Report For","Ukázať report pre"
"Show Reviews","Zobraziť recenzie"
"Show confirmation page: ","Zobraziť potvrdzovaciu obrazovku:"
"Silent Post URL:",""
"Sitemap Information","Informácie o mape stránok"
"Size for %s","Velkosť pre %s"
"Skip Category Selection","Preskočiť výber kategórie"
"Some items in this order have different invoice and shipment types. You can create shipment only after the invoice is created.","Niektoré z položiek v tejto objednávke majú rozdielnu faktúru a spôsob doručenia. Zásielku môžete vyrobiť až po vystavení faktúry."
"Some of the ordered items do not exist in the catalog anymore and will be removed if you try to edit the order.","Niektoré z objednaných položiek už v katalógu neexistujú a budú odstránené ak sa pokúsite editovať objednávku."
"Sorry, this feature is coming soon...","Prepáčte, túto funkciu pripravujeme..."
"Sort Order","Poradie objednávok"
"Special Price:","Akciová cena:"
"Specific Countries","Vybraté krajiny"
"Specified","Špecifikovaný"
"Specified profile does not exist.","Špecifikovaný profil neexistuje."
"Spreadsheet Name:","Meno zošitu:"
"Start Date","Dátum začatia"
"Start/Reset Validation...","Spustiť/obnoviť Overovanie..."
"Starting profile execution, please wait...","Spúšťa sa profil, čakajte prosím..."
"State/Province:","Kraj/Región:"
"Static Blocks","Statické bloky"
"Status","Stav"
"Status:","Stav:"
"Stock Quantity:","Množstvo na sklade:"
"Stock notification was saved.","Upozornenie(Notifikácia) pre sklad bolo úspešne uložené."
"Store","Obchod"
"Store Email Addresses Section","Emailové adresy obchodu"
"Store View","Zobrazenie obchodu"
"Store:","Obchod:"
"Stores","Obchody"
"Subject","Predmet"
"Submit","Odoslať"
"Subpackage cannot be conflicting.","Časť balíčka spôsobuje konflikty"
"Subtotal","Medzisúčet"
"Switch/Solo card issue number: %s","Prepínač/ číslo karty Solo: %s"
"Switch/Solo card start Date: %s/%s","Prepínač/počiatočný dátum Solo karty: %s/%s"
"Switch/Solo/Maestro Only","Len Switch/Solo/Maestro"
"Switch/Solo/Maestro(UK Domestic) Only","Prepínač/Solo/Maestro(iba pre občanov UK)"
"Switch/Solo/Maestro(UK Domestic) card issue number: %s","Prepínač/Solo/Maestro(občan UK) číslo karty: %s"
"Switch/Solo/Maestro(UK Domestic) card start Date: %s/%s","Prepínač/Solo/Maestro(občan UK) dátum začiatku platnosti: %s/%s"
"Synchronization is required.","Je vyžadovaná synchronizácia."
"Synchronization of media storages has been successfully completed.","Synchronizácia úložiska médií bola úspešne dokončená."
"Synchronize","Synchronizovať"
"Synchronizing %s to %s","Synchronizácia %s do %s"
"Synchronizing...","Synchronizujem..."
"System","Systém"
"System Section","Systém"
"System busy","Systém je zaneprázdnený"
"T-Shirts","Trička"
"Tags","Štítky"
"Target","Cieľ"
"Target Path","Cieľová cesta"
"Tax","Daň"
"Tb","Tb"
"Tell a Friend","Poslať známemu"
"Template","Šablóna"
"Template Content","Obsah šablóny"
"Template Information","Informácie o šablóne"
"Template Name","Názov šablóny"
"Template Styles","Šablóna štýlov"
"Template Subject","Predmet šablóny"
"Template Type","Typ šablóny"
"Temporary (302)","Temporary (302)"
"Terms and Conditions","Pravidlá a podmienky"
"Text","Text"
"The Catalog Rewrites were refreshed.","Prepis katalógu bol úspešne obnovený."
"The CatalogInventory Stock Status has been rebuilt.","Obnovenie stavu tovaru na sklade prebehlo úspešne"
"The Comment Text field cannot be empty.","Pole komentáru nesmie byť prázdne."
"The Flat Catalog Product was rebuilt","Flat katalóg produktov bol úspešne pregenerovaný "
"The JavaScript/CSS cache has been cleaned.","Vyrovnávacia pamäť cache) JavaScriptu/CSS bola úspešne zmazaná."
"The JavaScript/CSS cache has been cleared.","Vyrovnávacia pamäť cache) JavaScriptu/CSS bola úspešne zmazaná."
"The Layered Navigation indexing has been queued.","Indexovanie vrstvy navigácie je vo fronte."
"The Layered Navigation indexing queue has been canceled.","Indexovanie vrstvy navigácie bolo zrušené."
"The Layered Navigation indices were refreshed.","Obnova vrstvy navigácie prebehla v poriadku."
"The Layered Navigation process has been queued to be killed.","Fronta vrstvy navigácie bola zastavená."
"The Magento cache storage has been flushed.","Magento cache bola úspešne zmazaná."
"The URL Rewrite has been deleted.","URL Rewrite bol úspešne zmazaný."
"The URL Rewrite has been saved.","URL Rewrite bol úspešne uložený."
"The account has been saved.","Účet bol úspešne uložený."
"The archive can be uncompressed with <a href=""%s"">%s</a> on Windows systems","Archív môže byť rozbalený <a href=""%s"">%s</a> v okne systému"
"The attribute set has been removed.","Množina atribútov bola zmazaná."
"The backup has been created.","Záloha bola úspešne vytvorená."
"The billing agreement has been canceled.","Fakturačné podmienky(Billing Agreement) boli zrušené."
"The billing agreement has been deleted.","Fakturačné podmienky(Billing Agreement) boli zmazané."
"The cache storage has been flushed.","Vyrovnávacia pamäť obchodu vyla úspešne vyčistená."
"The card has failed verification with the issuer bank.","Zlyhalo overenie karty u jej vydavateľa."
"The carrier needs to be specified.","Musí byť špecifikovaný spôsob prepravy."
"The catalog index has been rebuilt.","Index katalógu bol úspešne obnovený."
"The catalog rewrites have been refreshed.","Prepis katalógu bol úspešne obnovený."
"The configuration has been saved.","Nastavenie bolo úspešne uložené."
"The credit memo has been canceled.","Dobropis bol úspešne zrušený."
"The credit memo has been created.","Dobropis bol úspešne vytvorený."
"The credit memo has been voided.","Dobropis bol úspešne vynulovaný."
"The custom variable has been deleted.","Vlastné premenné boli úspešne vymazané."
"The custom variable has been saved.","Vlastné premenné boli úspešne uložené."
"The customer has been deleted.","Zákazník bol zmazaný."
"The customer has been saved.","Zákazník bol úspešne uložený."
"The design change has been deleted.","Zmena vzhľadu zmazaná."
"The design change has been saved.","Zmena vzhľadu uložená."
"The email address is empty.","Emailová adresa je prázdna."
"The email template has been deleted.","Šablóna emailu bola úspešne zmazaná."
"The email template has been saved.","Šablóna emailu bola úspešne uložená."
"The flat catalog category has been rebuilt.","Flat katalóg kategórií bol úspešne pregenerovaný."
"The group node name must be specified with field node name.","Meno skupiny uzlov musí byť špecifikované v poli meno uzla."
"The image cache was cleaned.","Vyrovnávacia pamäť(cache) obrázkov bola úspešne zmazaná."
"The image cache was cleared.","Cache obrázkov bola úspešne zmazaná. "
"The information in this tab has been changed.","Informácie v tejto záložke boli zmenené."
"The invoice and shipment have been created.","Faktúra a zásielka bola úspešne vytvorená."
"The invoice and the shipment  have been created. The shipping label cannot be created at the moment.","Faktúra a zásielka bola vytvorená. Štítok pre prepravu teraz nie je možne vytvoriť."
"The invoice has been canceled.","Faktúra bola úspešne zrušená."
"The invoice has been captured.","Faktúra bola úspešne zachytená."
"The invoice has been created.","Faktúra bola úspešne vytvorená."
"The invoice has been voided.","Faktúra bola úspešne zrušená."
"The invoice no longer exists.","Faktúra už neexistuje."
"The order does not allow creating an invoice.","Objednávka neumožňuje vytvoriť faktúru."
"The order no longer exists.","Objednávka už neexistuje."
"The poll has been deleted.","Anketa bola úspešne zmazaná."
"The poll has been saved.","Anketa bola úspešne uložená."
"The profile has been deleted.","Profil bol zmazaný."
"The profile has been saved.","Profil bol úspešne uložený."
"The profile has been updated.","Profil byl úspěšně upraven."
"The profile has no changes.","Profil nezmenený."
"The profile you are trying to save no longer exists","Profil, ktorý chcete uložiť už neexistuje"
"The rating has been deleted.","Hodnotenie bolo úspešne vymazané."
"The rating has been saved.","Hodnotenie bolo úspešne uložené."
"The role has been deleted.","Rola úspešne vymazaná."
"The role has been saved.","Rola úspešne uložená."
"The role has been successfully saved.","Rola bola úspešne uložená."
"The search index has been rebuilt.","Vyhľadávací index bol úspešne obnovený."
"The shipment has been created.","Zásielka bola úspešne vytvorená."
"The shipment has been created. The shipping label has been created.","Zásielka bola vytvorená. Štítok  bol vytvorený."
"The shipment has been sent.","Zásielka bola úspešne odoslaná."
"The tag has been deleted.","Štítok bol úspešne zmazaný."
"The tag has been saved.","Štítok bol úspešne uložený."
"The user has been deleted.","Užívateľ bol úspešne zmazaný."
"The user has been saved.","Užívateľ bol úspešne uložený."
"Theme configurations are successfully reset.","Nastavenie témy bola úspešné resetované"
"Theme label can't be empty","Nadpis témy nemôže byť prázdny"
"Theme label:","Nadpis témy:"
"Themes JavaScript and CSS files combined to one file.","Témy JavaScript a CSS súbory skombinovať do jedného súboru."
"There has been wrong payment information submitted or time limit has expired. Please, try again.","Boli predložené zlé platobné informácie alebo časový limit vypršal. Prosím, skúste to znova."
"There is an error in one of the option rows.","Vyskytla sa chyba v jednej z možností riadkov"
"This Account is","Tento účet je"
"This Email template no longer exists.","Teto emailová šablóna už neexistuje."
"This Role no longer exists","Táto Rola už neexistuje"
"This Role no longer exists.","Táto Rola už neexistuje."
"This account is","Tento účet je"
"This account is inactive.","Tento účet je neaktívny."
"This attribute set does not have attributes which we can use for configurable product","Táto množina atribútov neobsahuje atribúty ktoré môžu byť použité pre konfigurovateľný produkt"
"This attribute shares the same value in all the stores","Táto vlastnosť zdieľa rovnakú hodnotu vo všetkých obchodoch"
"This is a demo store. Any orders placed through this store will not be honored or fulfilled.","Toto je len predvádzací obchod. Všetky urobené objednávky v tomto obchode nebudú platené ani vybavené."
"This is a required field.","Táto položka je povinná."
"This product is currently disabled.","Tento produkt je v súčasnej dobe nedostupný."
"This report depends on timezone configuration. Once timezone is changed, the lifetime statistics need to be refreshed.","Tento report je závislý na konfigurácii časovej zóny. Akonáhle je časová zóna zmenená, tak platnosť štatistík musí byť obnovená."
"This section is not allowed.","Táto sekcia nie je povolená."
"This tab contains invalid data. Please solve the problem before saving.","Táto záložka obsahuje chybné údaje. Odstráňte ich prosím pred uložením."
"This user no longer exists.","Tento užívateľ už neexistuje"
"Thumbnail","Náhľad"
"Time","Čas"
"Time selection:","Výber času:"
"Time:","Čas:"
"Timeout limit for response from synchronize process was reached.","Bol dosiahnutý časový limit na synchronizáciu."
"Title bar","Záhlavie"
"To","Do"
"To cancel pending authorizations and release amounts that have already been processed during this payment, click Cancel.","Ak chcete zrušiť čiastku čakajúcu na schválenie a uvoľniť čiastky, ktoré už boli spracované v priebehu tejto platby, kliknite na Zrušiť."
"To use Payflow Link, you must configure your Payflow Link account on the Paypal website.","Pre použitie Payflow Link, musíte nastaviť svoj účet Payflow Link na web stránke Paypal."
"Toggle Editor","Prepnúť editor"
"Tools","Nástroje"
"Top 5 Search Terms","5 najhľadanejších výrazov"
"Total","Celkom"
"Total %d records found","Celkom nájdených záznamov: %d"
"Total Invoiced","Celkom fakturované"
"Total Order Amount","Celkové množstvo objednávok"
"Total Refunded","Celkom zaplatené"
"Total of %d record(s) have been deleted.","Celkom úspešne zmazaných záznamov: %d."
"Total of %d record(s) have been updated.","Celkom úspešne uložených záznamov: %d."
"Total of %d record(s) were canceled.","Celkom zrušených záznamov: %d"
"Track Order","Sledovať objednávku"
"Track this shipment","Sledovať zásielku"
"Tracking number %s for %s assigned","Číslo pre sledovanie %s pre %s priradené"
"Tracking number cannot be empty.","Sledované číslo nemôže byť prázdne."
"Transaction Data","Dáta transakcie"
"Transaction Details","Detaily transakcie"
"Transaction ID","ID transakcie"
"Transaction Type","Transakčný typ"
"Transactional Emails","Transakčné e-maily"
"Transactions","Transakcie"
"Try Magento Go for Free","Vyskúšajte Magento Go zadarmo"
"Type","Typ"
"Type:","Typ:"
"URL Rewrite","URL Rewrite"
"URL Rewrite Information","Informácie o URL Rewrite"
"URL Rewrite Management","Správa URL Rewrite"
"Unable to cancel the credit memo.","Nemožno zrušiť dobropis."
"Unable to find a Email Template to delete.","Šablónu emailu nemožno zmazať (nenašla sa)."
"Unable to find a poll to delete.","Nenájdená anketa k zmazaniu."
"Unable to find a tag to delete.","Nenájdený štítok k zmazaniu."
"Unable to find a user to delete.","Nenájdený užívateľ k zmazaniu."
"Unable to initialize import model","Nemožno inicializovať importný model."
"Unable to refresh lifetime statistics.","Nemožno obnoviť platnosť štatistík."
"Unable to refresh recent statistics.","Nemožno obnoviť posledné štatistiky."
"Unable to save the cron expression.","Nemožno uložiť výraz do Cron-u."
"Unable to save the invoice.","Nemožno uložiť faktúru."
"Unable to send the invoice email.","Nemožno odoslať fakturačný email."
"Unable to send the shipment email.","Nemožno zaslať informácie o zásielke."
"Unable to void the credit memo.","Nemožno vymazať dobropis."
"Unknown","Neznámy"
"Unknown Error","Neznáma chyba"
"Unknown Error.","Neznáma chyba."
"Unlimited","Neobmedzené"
"Unselect All","Odznačiť všetko"
"Unselect Visible","Odznačiť viditeľné"
"Update","Aktualizovať"
"Update Preview","Aktualizovať náhľad"
"Updated At","Aktualizované Na"
"Upload File","Nahrať súbor"
"Upload Files","Nahrať súbory"
"Upload HTTP Error","HTTP chyba pri nahrávání"
"Upload I/O Error","I/O chyba pri nahrávání"
"Upload Security Error","Bezpečnostná chyba pri nahrávání"
"Upload import file","Nahrať importný súbor"
"Use All Available Attributes","Použiť všetky dostupné atribúty"
"Use Config Settings","Použite konfiguráciu nastavenia"
"Use Default","Použiť predvolené"
"Use Default Value","Použiť predvolenú hodnotu"
"Use Default Variable Values","Použiť predvolené hodnoty premenných"
"Use Silent Post:","Použiť tichý príspevok:"
"Use Website","Použiť webstránky"
"Used Currently For","Používané v súčasnosti pre"
"Used as Default For","Použiť ako predvolené pre"
"User","Užívateľ"
"User Email","E-mail užívateľa"
"User ID","ID užívateľa"
"User Info","Informácie o užívateľovi"
"User Information","Informácie o užívateľovi"
"User Name","Užívateľské meno"
"User Name is required field.","Užívateľské meno je vyžadovaná položka."
"User Name:","Užívateľské meno:"
"User Role","Rola užívateľa"
"User Roles","Role uživateľov"
"User Roles Information","informácie o Rolách užívateľa"
"User name","Užívateľské meno"
"Users","Užívatelia"
"Validation Results","Výsledky overenia"
"Value","Hodnota"
"Value Delimiter:","Oddeľovač hodnôt:"
"Variable","Premenná"
"Variable Code","Kód premennej"
"Variable HTML Value","Hodnota premennej HTML"
"Variable ID","ID premennej"
"Variable Name","Meno premennej"
"Variable Plain Value","Čistá hodnota premennej"
"Verification Failed","Overenie zlyhalo"
"Verification Successful","Overenie bolo úspešné"
"Verification cannot be processed","Overenie nebolo spracované"
"View","Zobraziť"
"View Actions XML","Zobraziť operácie XML"
"View Details","Zobraziť podrobnosti"
"View Full Size","Zobraziť v plnej veľkosti"
"View Gallery","Zobraziť galériu"
"View Memo","Zobraziť poznámku"
"View Memo for #%s","Zobraziť poznámku pre #%s"
"View Shipment","Zobraziť zásielku"
"View Statistics For","Zobraziť štatistiky pre"
"Visibility:","Viditeľnosť:"
"Warning! Empty value can cause problems with CSV format.","Upozornenie! Prázdna hodnota môže spôsobiť problémy s CSV formátom."
"Warning!\r\nThis action will remove this user from already assigned role\r\nAre you sure?","Pozor!\r\nTáto akcia odstráni tohto užívateľa zo všetkých priradených rolí\r\nSte si istý?"
"Warning!\r\nThis action will remove those users from already assigned roles\r\nAre you sure?","Pozor!\r\nTáto akcia odstráni týchto užívateľov zo všetkých priradených rolí\r\nSte si istý?"
"Warning: All related AirMail messages will be deteted!\n Are you sure you want to do this?","Pozor! Všetky správy súvisiace s AirMail budú zmazané! Ste si istý, že to chcete urobiť?"
"Warning: Please do not close the window during importing/exporting data","Varovanie: Prosím nezatvárajte okno počas importu/exportu dát"
"Watermark File for %s","Vodoznak pre %s"
"We appreciate our merchants' feedback, please <a href=""#"" onclick=""surveyAction('yes'); return false;"">take our survey</a> to provide insight on the features you would like included in Magento. <a href=""#"" onclick=""surveyAction('no'); return false;"">Remove this notification</a>","Vážime si našich obchodníkov, prosím <a href=""#"" onclick=""surveyAction('yes'); return false;""> dajte nám vedieť</a>, aké vlastnosti - funkčnosti by ste chceli mať v Magente. <a href=""#"" onclick=""surveyAction('no'); return false;"">Odobrať toto upozornenie.</a>"
"We detected that your JavaScript seem to be disabled.","Zistili sme, že máte vypnutý JavaScript."
"We're in our typing table, coding away more features for Magento. Thank you for your patience.","Stále na tom robíme. :) Ďakujeme vám za vašu trpezlivosť."
"Web Section","Web sekcia"
"Web Services","Webové služby"
"Web services","Webové služby"
"Website","Webstránka"
"What is this?","Čo je to?"
"Wishlist Report","Prehľad Zoznamu prianí"
"Wishlist item is not loaded.","Zoznam prianí nie je načítaný."
"Wrong billing agreement ID specified.","Neplatné platobné podmienky(billing agreement) ID."
"Wrong column format.","Chyba formátu stĺpcov"
"Wrong newsletter template.","Chybná šablóna spravodajcu."
"Wrong quote item.","Chybná položka objednávky."
"Wrong tab configuration.","Chybné nastavenie záložky"
"Wrong tag was specified.","Neplatný štítok."
"Wrong transaction ID specified.","Neplatné transakčné ID."
"XML","XML"
"XML data is invalid.","XML data sú chybné."
"XML object is not instance of ""Varien_Simplexml_Element"".","XML objekt nie je typu ""Varien_Simplexml_Element""."
"YTD","Tento rok"
"Year","Rok"
"Yes","Áno"
"Yes (301 Moved Permanently)","Áno (301 Trvalo presunuté)"
"Yes (302 Found)","Áno (302 nájdené)"
"Yes (only price with tax)","Áno (iba cena s daňou)"
"You cannot delete your own account.","Nemôžete zmazať svoj vlastný účet"
"You have %s unread message(s).","Máte %s neprečítaných správ."
"You have logged out.","Odhlásenie prebehlo úspešne."
"You have not enough permissions to use this functionality.","Nemáte práva k použitiu tejto funkcie."
"You must have JavaScript enabled in your browser to utilize the functionality of this website.","Pre plnú funkčnosť tejto stránky musíte mať povolený JavaScript vo Vašom prehliadači."
"You need to specify order items.","Musíte určiť poradie položiek."
"Your answers contain duplicates.","Vaša odpoveď obsahuje duplikáty."
"Your server PHP settings allow you to upload files not more than %s at a time. Please modify post_max_size (currently is %s) and upload_max_filesize (currently is %s) values in php.ini if you want to upload larger files.","Nastavenie PHP Vášho servera v tejto chvíľi neumožňuje nahrať súbory väčšie ako %s. Prosím upravte hodnoty post_max_size (momentálne je %s) a upload_max_filesize (momentálne je %s) v php.ini pokiaľ chcete nahrávať väčšie súbory."
"Your web server is configured incorrectly. As a result, configuration files with sensitive information are accessible from the outside. Please contact your hosting provider.","Váš webový server je chybne nakonfigurovaný. Výsledkom je, že konfiguračný súbor s citlivými informáciami môžu byť prístupný z vonku pre bežných užívateľov. Kontaktujte svojho poskytovateľa hostingu."
"Zip/Postal Code","PSČ"
"Zip/Postal Code:","PSČ:"
"[ deleted ]","[ zmazané ]"
"[GLOBAL]","[GLOBAL]"
"[STORE VIEW]","[STORE VIEW]"
"[WEBSITE]","[WEBSITE]"
"b","b"
"close","zavrieť"
"critical","kritická"
"example: ""sitemap/"" or ""/"" for base path (path must be writeable)","napríklad: ""sitemap/"" alebo ""/"" pre základnú cestu (cesta musí byť zapisovateľná)"
"example: sitemap.xml","napríklad: sitemap.xml"
"from","od"
"items selected","Vybrané položky"
"major","vysoká"
"minor","nízka"
"notice","upozornení"
"of %s pages","stránok %s"
"per page","na stránku"
"store(%s) scope","rozsah obchodu (%s)"
"to","do"
"website(%s) scope","rozsah web stránok (%s)"
"{{base_url}} is not recommended to use in a production environment to declare the Base Unsecure URL / Base Secure URL. It is highly recommended to change this value in your Magento <a href=""%s"">configuration</a>.","{{base_url}} Nie je doporučované používať predvolené nastavenia prednastavené v nastaveniach Nezabezpečené URL / Zabezpečené URL. Je dôrazne odporúčané zmeniť túto hodnotu vo Vašej Magento <a href=""%s""> konfigurácii</a>."
"(Absolute path or Relative to Magento install root, ex. var/export)","#~ ""(Absolútna alebo realatívna cesta k Magento koreňovej inštalácii, napr. ""#~ ""var/export)"""
"Add Author","Pridať autora"
"Add New osCommerce Profile","Pridať nový osCommerce profil"
"Comments History","História komentárov"
"Excel","Excel"
"Final Price","Konečná cena"
"Manage osCommerce Orders","Spravovať objednávky osCommerce"
"Manage osCommerce Profiles","Spravovať profily osCommerce"
"No Profile","Žiaden profil"
"Please fill in 'email' field.","Vyplňte prosím pole email."
"Price","Cena"
"You have","Máte"
"images/logo.gif","images/logo.gif"
"Manage Currency","Spravovanie mien"
"Manage Product Q&A","Spravovanie produktových otázok a odpovedí"
"Product Q and A","Produktové otázky a odpovedi"
"Manage Products*","Správa produktov"
"Manage Products (Enhanced)","Správa produktov"